model,run,frame,rss_mb,rss_delta_from_before_load_mb
TrackNet,0,0,3169.28125,238.9375
TrackNet,0,1,3169.28125,238.9375
TrackNet,0,2,3169.28125,238.9375
TrackNet,0,3,3167.953125,237.609375
TrackNet,0,4,3167.953125,237.609375
TrackNet,0,5,3167.953125,237.609375
TrackNet,0,6,3167.953125,237.609375
TrackNet,0,7,3167.953125,237.609375
TrackNet,0,8,3167.953125,237.609375
TrackNet,0,9,3167.953125,237.609375
TrackNet,0,10,3158.34375,228.0
TrackNet,0,11,3158.34375,228.0
TrackNet,0,12,3158.34375,228.0
TrackNet,0,13,3148.328125,217.984375
TrackNet,0,14,3145.671875,215.328125
TrackNet,0,15,3145.671875,215.328125
TrackNet,0,16,3145.671875,215.328125
TrackNet,0,17,3145.671875,215.328125
TrackNet,0,18,3145.671875,215.328125
TrackNet,0,19,3145.671875,215.328125
TrackNet,0,20,3152.15625,221.8125
TrackNet,0,21,3158.796875,228.453125
TrackNet,0,22,3159.390625,229.046875
TrackNet,0,23,3165.375,235.03125
TrackNet,0,24,3172.328125,241.984375
TrackNet,0,25,3173.375,243.03125
TrackNet,0,26,3179.9375,249.59375
TrackNet,0,27,3179.03125,248.6875
TrackNet,0,28,3185.8125,255.46875
TrackNet,0,29,3192.625,262.28125
TrackNet,0,30,3199.078125,268.734375
TrackNet,0,31,3204.578125,274.234375
TrackNet,0,32,3211.6875,281.34375
TrackNet,0,33,3218.5625,288.21875
TrackNet,0,34,3224.828125,294.484375
TrackNet,0,35,3230.8125,300.46875
TrackNet,0,36,3238.734375,308.390625
TrackNet,0,37,3245.28125,314.9375
TrackNet,0,38,3251.828125,321.484375
TrackNet,0,39,3257.8125,327.46875
TrackNet,0,40,3264.9375,334.59375
TrackNet,0,41,3271.53125,341.1875
TrackNet,0,42,3251.890625,321.546875
TrackNet,0,43,3247.390625,317.046875
TrackNet,0,44,3254.15625,323.8125
TrackNet,0,45,3260.734375,330.390625
TrackNet,0,46,3266.6875,336.34375
TrackNet,0,47,3273.59375,343.25
TrackNet,0,48,3278.078125,347.734375
TrackNet,0,49,3284.53125,354.1875
TrackNet,0,50,3286.921875,356.578125
TrackNet,0,51,3293.609375,363.265625
TrackNet,0,52,3300.09375,369.75
TrackNet,0,53,3306.6875,376.34375
TrackNet,0,54,3293.453125,363.109375
TrackNet,0,55,3300.40625,370.0625
TrackNet,0,56,3307.5,377.15625
TrackNet,0,57,3314.375,384.03125
TrackNet,0,58,3318.375,388.03125
TrackNet,0,59,3325.34375,395.0
TrackNet,0,60,3332.34375,402.0
TrackNet,0,61,3338.984375,408.640625
TrackNet,0,62,3345.953125,415.609375
TrackNet,0,63,3352.78125,422.4375
TrackNet,0,64,3359.5,429.15625
TrackNet,0,65,3366.125,435.78125
TrackNet,0,66,3373.078125,442.734375
TrackNet,0,67,3380.015625,449.671875
TrackNet,0,68,3386.84375,456.5
TrackNet,0,69,3393.546875,463.203125
TrackNet,0,70,3400.578125,470.234375
TrackNet,0,71,3407.125,476.78125
TrackNet,0,72,3413.6875,483.34375
TrackNet,0,73,3419.671875,489.328125
TrackNet,0,74,3426.53125,496.1875
TrackNet,0,75,3432.96875,502.625
TrackNet,0,76,3439.234375,508.890625
TrackNet,0,77,3445.21875,514.875
TrackNet,0,78,3452.109375,521.765625
TrackNet,0,79,3459.25,528.90625
TrackNet,0,80,3462.015625,531.671875
TrackNet,0,81,3462.65625,532.3125
TrackNet,0,82,3469.609375,539.265625
TrackNet,0,83,3476.09375,545.75
TrackNet,0,84,3482.484375,552.140625
TrackNet,0,85,3488.984375,558.640625
TrackNet,0,86,3495.359375,565.015625
TrackNet,0,87,3501.796875,571.453125
TrackNet,0,88,3508.0625,577.71875
TrackNet,0,89,3515.015625,584.671875
TrackNet,0,90,3522.09375,591.75
TrackNet,0,91,3528.953125,598.609375
TrackNet,0,92,3534.5625,604.21875
TrackNet,0,93,3541.40625,611.0625
TrackNet,0,94,3547.828125,617.484375
TrackNet,0,95,3553.890625,623.546875
TrackNet,0,96,3559.875,629.53125
TrackNet,0,97,3566.1875,635.84375
TrackNet,0,98,3573.109375,642.765625
TrackNet,0,99,3579.09375,648.75
TrackNet,0,100,3586.046875,655.703125
TrackNet,0,101,3588.3125,657.96875
TrackNet,0,102,3589.453125,659.109375
TrackNet,0,103,3594.171875,663.828125
TrackNet,0,104,3600.4375,670.09375
TrackNet,0,105,3606.734375,676.390625
TrackNet,0,106,3612.671875,682.328125
TrackNet,0,107,3619.625,689.28125
TrackNet,0,108,3626.03125,695.6875
TrackNet,0,109,3632.46875,702.125
TrackNet,0,110,3638.3125,707.96875
TrackNet,0,111,3645.125,714.78125
TrackNet,0,112,3651.28125,720.9375
TrackNet,0,113,3657.328125,726.984375
TrackNet,0,114,3662.703125,732.359375
TrackNet,0,115,3669.34375,739.0
TrackNet,0,116,3675.640625,745.296875
TrackNet,0,117,3681.9375,751.59375
TrackNet,0,118,3687.921875,757.578125
TrackNet,0,119,3695.109375,764.765625
TrackNet,0,120,3701.578125,771.234375
TrackNet,0,121,3707.859375,777.515625
TrackNet,0,122,3714.765625,784.421875
TrackNet,0,123,3721.28125,790.9375
TrackNet,0,124,3728.015625,797.671875
TrackNet,0,125,3734.578125,804.234375
TrackNet,0,126,3741.171875,810.828125
TrackNet,0,127,3747.84375,817.5
TrackNet,0,128,3754.15625,823.8125
TrackNet,0,129,3760.0,829.65625
TrackNet,0,130,3766.96875,836.625
TrackNet,0,131,3773.609375,843.265625
TrackNet,0,132,3780.21875,849.875
TrackNet,0,133,3786.203125,855.859375
TrackNet,0,134,3793.15625,862.8125
TrackNet,0,135,3799.8125,869.46875
TrackNet,0,136,3806.21875,875.875
TrackNet,0,137,3812.203125,881.859375
TrackNet,0,138,3819.171875,888.828125
TrackNet,0,139,3825.71875,895.375
TrackNet,0,140,3832.0625,901.71875
TrackNet,0,141,3838.421875,908.078125
TrackNet,0,142,3844.3125,913.96875
TrackNet,0,143,3850.890625,920.546875
TrackNet,0,144,3857.28125,926.9375
TrackNet,0,145,3863.1875,932.84375
TrackNet,0,146,3869.921875,939.578125
TrackNet,0,147,3876.640625,946.296875
TrackNet,0,148,3883.03125,952.6875
TrackNet,0,149,3889.34375,959.0
TrackNet,0,150,3895.71875,965.375
TrackNet,0,151,3902.359375,972.015625
TrackNet,0,152,3908.296875,977.953125
TrackNet,0,153,3912.609375,982.265625
TrackNet,0,154,3914.859375,984.515625
TrackNet,0,155,3916.796875,986.453125
TrackNet,0,156,3919.28125,988.9375
TrackNet,0,157,3922.8125,992.46875
TrackNet,0,158,3924.109375,993.765625
TrackNet,0,159,3924.1875,993.84375
TrackNet,0,160,3927.59375,997.25
TrackNet,0,161,3928.875,998.53125
TrackNet,0,162,3931.03125,1000.6875
TrackNet,0,163,3932.671875,1002.328125
TrackNet,0,164,3934.765625,1004.421875
TrackNet,0,165,3934.765625,1004.421875
TrackNet,0,166,3935.125,1004.78125
TrackNet,0,167,3939.25,1008.90625
TrackNet,0,168,3939.890625,1009.546875
TrackNet,0,169,3942.953125,1012.609375
TrackNet,0,170,3944.359375,1014.015625
TrackNet,0,171,3945.046875,1014.703125
TrackNet,0,172,3945.046875,1014.703125
TrackNet,0,173,3947.421875,1017.078125
TrackNet,0,174,3953.6875,1023.34375
TrackNet,0,175,3959.9375,1029.59375
TrackNet,0,176,3960.421875,1030.078125
TrackNet,0,177,3961.46875,1031.125
TrackNet,0,178,3962.5,1032.15625
TrackNet,0,179,3962.5,1032.15625
TrackNet,0,180,3963.390625,1033.046875
TrackNet,0,181,3964.0625,1033.71875
TrackNet,0,182,3964.453125,1034.109375
TrackNet,0,183,3967.46875,1037.125
TrackNet,0,184,3970.359375,1040.015625
TrackNet,0,185,3971.359375,1041.015625
TrackNet,0,186,3971.359375,1041.015625
TrackNet,0,187,3974.3125,1043.96875
TrackNet,0,188,3975.609375,1045.265625
TrackNet,0,189,3976.6875,1046.34375
TrackNet,0,190,3976.6875,1046.34375
TrackNet,0,191,3977.359375,1047.015625
TrackNet,0,192,3978.546875,1048.203125
TrackNet,0,193,3978.546875,1048.203125
TrackNet,0,194,3980.046875,1049.703125
TrackNet,0,195,3981.328125,1050.984375
TrackNet,0,196,3982.453125,1052.109375
TrackNet,0,197,3982.453125,1052.109375
TrackNet,0,198,3985.390625,1055.046875
TrackNet,0,199,3986.59375,1056.25
TrackNet,0,200,3988.25,1057.90625
TrackNet,0,201,3992.171875,1061.828125
TrackNet,0,202,3998.609375,1068.265625
TrackNet,0,203,4000.203125,1069.859375
TrackNet,0,204,4002.671875,1072.328125
TrackNet,0,205,4006.734375,1076.390625
TrackNet,0,206,4008.015625,1077.671875
TrackNet,0,207,4009.59375,1079.25
TrackNet,0,208,4011.421875,1081.078125
TrackNet,0,209,4017.65625,1087.3125
TrackNet,0,210,4019.484375,1089.140625
TrackNet,0,211,4020.421875,1090.078125
TrackNet,0,212,4027.375,1097.03125
TrackNet,0,213,4033.859375,1103.515625
TrackNet,0,214,4035.296875,1104.953125
TrackNet,0,215,4036.75,1106.40625
TrackNet,0,216,4042.890625,1112.546875
TrackNet,0,217,4049.125,1118.78125
TrackNet,0,218,4049.125,1118.78125
TrackNet,0,219,4053.40625,1123.0625
TrackNet,0,220,4054.59375,1124.25
TrackNet,0,221,4054.59375,1124.25
TrackNet,0,222,4059.5625,1129.21875
TrackNet,0,223,4059.5625,1129.21875
TrackNet,0,224,4063.21875,1132.875
TrackNet,0,225,4067.640625,1137.296875
TrackNet,0,226,4067.640625,1137.296875
TrackNet,0,227,4070.828125,1140.484375
TrackNet,0,228,4073.9375,1143.59375
TrackNet,0,229,4073.9375,1143.59375
TrackNet,0,230,4077.015625,1146.671875
TrackNet,0,231,4077.09375,1146.75
TrackNet,0,232,4081.09375,1150.75
TrackNet,0,233,4088.65625,1158.3125
TrackNet,0,234,4088.65625,1158.3125
TrackNet,0,235,4091.96875,1161.625
TrackNet,0,236,4091.96875,1161.625
TrackNet,0,237,4096.0625,1165.71875
TrackNet,0,238,4096.234375,1165.890625
TrackNet,0,239,4100.09375,1169.75
TrackNet,0,240,4100.09375,1169.75
TrackNet,0,241,4100.484375,1170.140625
TrackNet,0,242,4101.75,1171.40625
TrackNet,0,243,4104.90625,1174.5625
TrackNet,0,244,4104.90625,1174.5625
TrackNet,0,245,4107.671875,1177.328125
TrackNet,0,246,4107.671875,1177.328125
TrackNet,0,247,4110.53125,1180.1875
TrackNet,0,248,4116.1875,1185.84375
TrackNet,0,249,4121.78125,1191.4375
TrackNet,0,250,4128.640625,1198.296875
TrackNet,0,251,4134.4375,1204.09375
TrackNet,0,252,4142.359375,1212.015625
TrackNet,0,253,4144.609375,1214.265625
TrackNet,0,254,4147.65625,1217.3125
TrackNet,0,255,4155.578125,1225.234375
TrackNet,0,256,4163.5,1233.15625
TrackNet,0,257,4163.5,1233.15625
TrackNet,0,258,4167.34375,1237.0
TrackNet,0,259,4167.34375,1237.0
TrackNet,0,260,4168.65625,1238.3125
TrackNet,0,261,4173.03125,1242.6875
TrackNet,0,262,4179.015625,1248.671875
TrackNet,0,263,4181.5,1251.15625
TrackNet,0,264,4181.5,1251.15625
TrackNet,0,265,4184.625,1254.28125
TrackNet,0,266,4187.5625,1257.21875
TrackNet,0,267,4190.015625,1259.671875
TrackNet,0,268,4190.015625,1259.671875
TrackNet,0,269,4190.296875,1259.953125
TrackNet,0,270,4196.328125,1265.984375
TrackNet,0,271,4196.328125,1265.984375
TrackNet,0,272,4199.609375,1269.265625
TrackNet,0,273,4203.515625,1273.171875
TrackNet,0,274,4203.515625,1273.171875
TrackNet,0,275,4203.78125,1273.4375
TrackNet,0,276,4204.921875,1274.578125
TrackNet,0,277,4205.828125,1275.484375
TrackNet,0,278,4206.9375,1276.59375
TrackNet,0,279,4214.859375,1284.515625
TrackNet,0,280,4214.859375,1284.515625
TrackNet,0,281,4218.9375,1288.59375
TrackNet,0,282,4218.9375,1288.59375
TrackNet,0,283,4222.28125,1291.9375
TrackNet,0,284,4222.28125,1291.9375
TrackNet,0,285,4224.734375,1294.390625
TrackNet,0,286,4225.859375,1295.515625
TrackNet,0,287,4226.203125,1295.859375
TrackNet,0,288,4226.703125,1296.359375
TrackNet,0,289,4229.0625,1298.71875
TrackNet,0,290,4229.703125,1299.359375
TrackNet,0,291,4235.0,1304.65625
TrackNet,0,292,4235.46875,1305.125
TrackNet,0,293,4237.09375,1306.75
TrackNet,0,294,4237.4375,1307.09375
TrackNet,0,295,4237.484375,1307.140625
TrackNet,0,296,4241.15625,1310.8125
TrackNet,0,297,4242.4375,1312.09375
TrackNet,0,298,4244.0625,1313.71875
TrackNet,0,299,4244.0625,1313.71875
TrackNet,1,0,4244.0625,1313.71875
TrackNet,1,1,4244.0625,1313.71875
TrackNet,1,2,4244.0625,1313.71875
TrackNet,1,3,4244.0625,1313.71875
TrackNet,1,4,4244.0625,1313.71875
TrackNet,1,5,4244.0625,1313.71875
TrackNet,1,6,4244.0625,1313.71875
TrackNet,1,7,4244.0625,1313.71875
TrackNet,1,8,4244.0625,1313.71875
TrackNet,1,9,4244.0625,1313.71875
TrackNet,1,10,4244.0625,1313.71875
TrackNet,1,11,4244.0625,1313.71875
TrackNet,1,12,4244.0625,1313.71875
TrackNet,1,13,4244.0625,1313.71875
TrackNet,1,14,4244.0625,1313.71875
TrackNet,1,15,4244.0625,1313.71875
TrackNet,1,16,4244.0625,1313.71875
TrackNet,1,17,4244.0625,1313.71875
TrackNet,1,18,4244.0625,1313.71875
TrackNet,1,19,4244.0625,1313.71875
TrackNet,1,20,4244.0625,1313.71875
TrackNet,1,21,4244.0625,1313.71875
TrackNet,1,22,4244.0625,1313.71875
TrackNet,1,23,4244.0625,1313.71875
TrackNet,1,24,4244.0625,1313.71875
TrackNet,1,25,4244.0625,1313.71875
TrackNet,1,26,4244.0625,1313.71875
TrackNet,1,27,4244.0625,1313.71875
TrackNet,1,28,4244.078125,1313.734375
TrackNet,1,29,4244.078125,1313.734375
TrackNet,1,30,4244.078125,1313.734375
TrackNet,1,31,4244.078125,1313.734375
TrackNet,1,32,4244.078125,1313.734375
TrackNet,1,33,4244.078125,1313.734375
TrackNet,1,34,4244.078125,1313.734375
TrackNet,1,35,4244.078125,1313.734375
TrackNet,1,36,4244.078125,1313.734375
TrackNet,1,37,4244.078125,1313.734375
TrackNet,1,38,4244.078125,1313.734375
TrackNet,1,39,4244.078125,1313.734375
TrackNet,1,40,4244.078125,1313.734375
TrackNet,1,41,4244.078125,1313.734375
TrackNet,1,42,4244.078125,1313.734375
TrackNet,1,43,4244.078125,1313.734375
TrackNet,1,44,4244.078125,1313.734375
TrackNet,1,45,4244.09375,1313.75
TrackNet,1,46,4244.09375,1313.75
TrackNet,1,47,4244.09375,1313.75
TrackNet,1,48,4244.09375,1313.75
TrackNet,1,49,4244.09375,1313.75
TrackNet,1,50,4244.09375,1313.75
TrackNet,1,51,4244.09375,1313.75
TrackNet,1,52,4244.09375,1313.75
TrackNet,1,53,4244.09375,1313.75
TrackNet,1,54,4244.09375,1313.75
TrackNet,1,55,4244.09375,1313.75
TrackNet,1,56,4244.09375,1313.75
TrackNet,1,57,4244.09375,1313.75
TrackNet,1,58,4244.09375,1313.75
TrackNet,1,59,4244.09375,1313.75
TrackNet,1,60,4244.09375,1313.75
TrackNet,1,61,4244.09375,1313.75
TrackNet,1,62,4244.09375,1313.75
TrackNet,1,63,4244.09375,1313.75
TrackNet,1,64,4244.09375,1313.75
TrackNet,1,65,4244.09375,1313.75
TrackNet,1,66,4244.09375,1313.75
TrackNet,1,67,4244.09375,1313.75
TrackNet,1,68,4244.09375,1313.75
TrackNet,1,69,4244.09375,1313.75
TrackNet,1,70,4244.09375,1313.75
TrackNet,1,71,4244.09375,1313.75
TrackNet,1,72,4244.09375,1313.75
TrackNet,1,73,4244.09375,1313.75
TrackNet,1,74,4244.09375,1313.75
TrackNet,1,75,4244.09375,1313.75
TrackNet,1,76,4244.09375,1313.75
TrackNet,1,77,4244.09375,1313.75
TrackNet,1,78,4244.09375,1313.75
TrackNet,1,79,4244.09375,1313.75
TrackNet,1,80,4244.09375,1313.75
TrackNet,1,81,4244.09375,1313.75
TrackNet,1,82,4244.09375,1313.75
TrackNet,1,83,4244.09375,1313.75
TrackNet,1,84,4244.09375,1313.75
TrackNet,1,85,4244.09375,1313.75
TrackNet,1,86,4244.09375,1313.75
TrackNet,1,87,4244.09375,1313.75
TrackNet,1,88,4244.09375,1313.75
TrackNet,1,89,4244.09375,1313.75
TrackNet,1,90,4244.09375,1313.75
TrackNet,1,91,4244.09375,1313.75
TrackNet,1,92,4244.109375,1313.765625
TrackNet,1,93,4244.109375,1313.765625
TrackNet,1,94,4244.109375,1313.765625
TrackNet,1,95,4244.109375,1313.765625
TrackNet,1,96,4244.109375,1313.765625
TrackNet,1,97,4244.109375,1313.765625
TrackNet,1,98,4244.109375,1313.765625
TrackNet,1,99,4244.109375,1313.765625
TrackNet,1,100,4244.109375,1313.765625
TrackNet,1,101,4244.109375,1313.765625
TrackNet,1,102,4244.109375,1313.765625
TrackNet,1,103,4244.109375,1313.765625
TrackNet,1,104,4244.109375,1313.765625
TrackNet,1,105,4244.109375,1313.765625
TrackNet,1,106,4244.109375,1313.765625
TrackNet,1,107,4244.109375,1313.765625
TrackNet,1,108,4244.109375,1313.765625
TrackNet,1,109,4244.109375,1313.765625
TrackNet,1,110,4244.109375,1313.765625
TrackNet,1,111,4244.109375,1313.765625
TrackNet,1,112,4244.109375,1313.765625
TrackNet,1,113,4244.109375,1313.765625
TrackNet,1,114,4244.109375,1313.765625
TrackNet,1,115,4244.109375,1313.765625
TrackNet,1,116,4244.109375,1313.765625
TrackNet,1,117,4244.109375,1313.765625
TrackNet,1,118,4244.109375,1313.765625
TrackNet,1,119,4244.125,1313.78125
TrackNet,1,120,4244.125,1313.78125
TrackNet,1,121,4244.125,1313.78125
TrackNet,1,122,4244.125,1313.78125
TrackNet,1,123,4244.125,1313.78125
TrackNet,1,124,4244.125,1313.78125
TrackNet,1,125,4244.125,1313.78125
TrackNet,1,126,4244.125,1313.78125
TrackNet,1,127,4244.125,1313.78125
TrackNet,1,128,4244.125,1313.78125
TrackNet,1,129,4244.125,1313.78125
TrackNet,1,130,4244.125,1313.78125
TrackNet,1,131,4244.125,1313.78125
TrackNet,1,132,4244.125,1313.78125
TrackNet,1,133,4244.125,1313.78125
TrackNet,1,134,4244.125,1313.78125
TrackNet,1,135,4244.125,1313.78125
TrackNet,1,136,4244.125,1313.78125
TrackNet,1,137,4244.125,1313.78125
TrackNet,1,138,4244.125,1313.78125
TrackNet,1,139,4244.125,1313.78125
TrackNet,1,140,4244.125,1313.78125
TrackNet,1,141,4244.125,1313.78125
TrackNet,1,142,4244.125,1313.78125
TrackNet,1,143,4244.125,1313.78125
TrackNet,1,144,4244.125,1313.78125
TrackNet,1,145,4244.140625,1313.796875
TrackNet,1,146,4244.140625,1313.796875
TrackNet,1,147,4244.140625,1313.796875
TrackNet,1,148,4244.140625,1313.796875
TrackNet,1,149,4244.140625,1313.796875
TrackNet,1,150,4244.140625,1313.796875
TrackNet,1,151,4244.140625,1313.796875
TrackNet,1,152,4244.140625,1313.796875
TrackNet,1,153,4244.140625,1313.796875
TrackNet,1,154,4244.140625,1313.796875
TrackNet,1,155,4244.15625,1313.8125
TrackNet,1,156,4244.15625,1313.8125
TrackNet,1,157,4244.171875,1313.828125
TrackNet,1,158,4244.171875,1313.828125
TrackNet,1,159,4244.171875,1313.828125
TrackNet,1,160,4244.171875,1313.828125
TrackNet,1,161,4244.171875,1313.828125
TrackNet,1,162,4244.171875,1313.828125
TrackNet,1,163,4244.171875,1313.828125
TrackNet,1,164,4244.171875,1313.828125
TrackNet,1,165,4244.171875,1313.828125
TrackNet,1,166,4244.171875,1313.828125
TrackNet,1,167,4244.171875,1313.828125
TrackNet,1,168,4244.171875,1313.828125
TrackNet,1,169,4244.171875,1313.828125
TrackNet,1,170,4244.171875,1313.828125
TrackNet,1,171,4244.171875,1313.828125
TrackNet,1,172,4244.171875,1313.828125
TrackNet,1,173,4244.171875,1313.828125
TrackNet,1,174,4244.171875,1313.828125
TrackNet,1,175,4244.171875,1313.828125
TrackNet,1,176,4244.171875,1313.828125
TrackNet,1,177,4244.171875,1313.828125
TrackNet,1,178,4244.171875,1313.828125
TrackNet,1,179,4244.171875,1313.828125
TrackNet,1,180,4244.171875,1313.828125
TrackNet,1,181,4244.171875,1313.828125
TrackNet,1,182,4244.171875,1313.828125
TrackNet,1,183,4244.171875,1313.828125
TrackNet,1,184,4244.171875,1313.828125
TrackNet,1,185,4244.171875,1313.828125
TrackNet,1,186,4244.171875,1313.828125
TrackNet,1,187,4244.171875,1313.828125
TrackNet,1,188,4244.171875,1313.828125
TrackNet,1,189,4244.171875,1313.828125
TrackNet,1,190,4244.171875,1313.828125
TrackNet,1,191,4244.171875,1313.828125
TrackNet,1,192,4244.171875,1313.828125
TrackNet,1,193,4244.171875,1313.828125
TrackNet,1,194,4244.171875,1313.828125
TrackNet,1,195,4244.171875,1313.828125
TrackNet,1,196,4244.171875,1313.828125
TrackNet,1,197,4244.171875,1313.828125
TrackNet,1,198,4244.171875,1313.828125
TrackNet,1,199,4244.171875,1313.828125
TrackNet,1,200,4244.171875,1313.828125
TrackNet,1,201,4244.171875,1313.828125
TrackNet,1,202,4244.171875,1313.828125
TrackNet,1,203,4244.171875,1313.828125
TrackNet,1,204,4244.171875,1313.828125
TrackNet,1,205,4244.171875,1313.828125
TrackNet,1,206,4244.171875,1313.828125
TrackNet,1,207,4244.171875,1313.828125
TrackNet,1,208,4244.171875,1313.828125
TrackNet,1,209,4244.171875,1313.828125
TrackNet,1,210,4244.171875,1313.828125
TrackNet,1,211,4244.171875,1313.828125
TrackNet,1,212,4244.171875,1313.828125
TrackNet,1,213,4244.171875,1313.828125
TrackNet,1,214,4244.171875,1313.828125
TrackNet,1,215,4244.171875,1313.828125
TrackNet,1,216,4244.171875,1313.828125
TrackNet,1,217,4244.171875,1313.828125
TrackNet,1,218,4244.171875,1313.828125
TrackNet,1,219,4244.1875,1313.84375
TrackNet,1,220,4244.1875,1313.84375
TrackNet,1,221,4244.1875,1313.84375
TrackNet,1,222,4244.1875,1313.84375
TrackNet,1,223,4244.1875,1313.84375
TrackNet,1,224,4244.1875,1313.84375
TrackNet,1,225,4244.1875,1313.84375
TrackNet,1,226,4244.1875,1313.84375
TrackNet,1,227,4244.1875,1313.84375
TrackNet,1,228,4244.1875,1313.84375
TrackNet,1,229,4244.1875,1313.84375
TrackNet,1,230,4244.1875,1313.84375
TrackNet,1,231,4244.1875,1313.84375
TrackNet,1,232,4244.1875,1313.84375
TrackNet,1,233,4244.1875,1313.84375
TrackNet,1,234,4244.1875,1313.84375
TrackNet,1,235,4244.1875,1313.84375
TrackNet,1,236,4244.1875,1313.84375
TrackNet,1,237,4244.1875,1313.84375
TrackNet,1,238,4244.1875,1313.84375
TrackNet,1,239,4244.1875,1313.84375
TrackNet,1,240,4244.1875,1313.84375
TrackNet,1,241,4244.1875,1313.84375
TrackNet,1,242,4244.1875,1313.84375
TrackNet,1,243,4244.1875,1313.84375
TrackNet,1,244,4244.1875,1313.84375
TrackNet,1,245,4244.1875,1313.84375
TrackNet,1,246,4244.1875,1313.84375
TrackNet,1,247,4244.1875,1313.84375
TrackNet,1,248,4244.1875,1313.84375
TrackNet,1,249,4244.1875,1313.84375
TrackNet,1,250,4244.1875,1313.84375
TrackNet,1,251,4244.1875,1313.84375
TrackNet,1,252,4244.1875,1313.84375
TrackNet,1,253,4244.1875,1313.84375
TrackNet,1,254,4244.1875,1313.84375
TrackNet,1,255,4244.1875,1313.84375
TrackNet,1,256,4244.1875,1313.84375
TrackNet,1,257,4244.1875,1313.84375
TrackNet,1,258,4244.1875,1313.84375
TrackNet,1,259,4244.1875,1313.84375
TrackNet,1,260,4244.1875,1313.84375
TrackNet,1,261,4244.1875,1313.84375
TrackNet,1,262,4244.1875,1313.84375
TrackNet,1,263,4244.1875,1313.84375
TrackNet,1,264,4244.1875,1313.84375
TrackNet,1,265,4244.1875,1313.84375
TrackNet,1,266,4244.1875,1313.84375
TrackNet,1,267,4244.1875,1313.84375
TrackNet,1,268,4244.1875,1313.84375
TrackNet,1,269,4244.1875,1313.84375
TrackNet,1,270,4244.1875,1313.84375
TrackNet,1,271,4244.1875,1313.84375
TrackNet,1,272,4244.1875,1313.84375
TrackNet,1,273,4244.203125,1313.859375
TrackNet,1,274,4244.203125,1313.859375
TrackNet,1,275,4244.203125,1313.859375
TrackNet,1,276,4244.203125,1313.859375
TrackNet,1,277,4244.203125,1313.859375
TrackNet,1,278,4244.203125,1313.859375
TrackNet,1,279,4244.203125,1313.859375
TrackNet,1,280,4244.203125,1313.859375
TrackNet,1,281,4244.21875,1313.875
TrackNet,1,282,4244.234375,1313.890625
TrackNet,1,283,4244.234375,1313.890625
TrackNet,1,284,4244.234375,1313.890625
TrackNet,1,285,4244.234375,1313.890625
TrackNet,1,286,4244.234375,1313.890625
TrackNet,1,287,4244.234375,1313.890625
TrackNet,1,288,4244.234375,1313.890625
TrackNet,1,289,4244.234375,1313.890625
TrackNet,1,290,4244.234375,1313.890625
TrackNet,1,291,4244.234375,1313.890625
TrackNet,1,292,4244.234375,1313.890625
TrackNet,1,293,4244.25,1313.90625
TrackNet,1,294,4244.25,1313.90625
TrackNet,1,295,4244.25,1313.90625
TrackNet,1,296,4244.25,1313.90625
TrackNet,1,297,4244.25,1313.90625
TrackNet,1,298,4244.25,1313.90625
TrackNet,1,299,4244.25,1313.90625
TrackNet,2,0,4244.25,1313.90625
TrackNet,2,1,4244.25,1313.90625
TrackNet,2,2,4244.25,1313.90625
TrackNet,2,3,4244.25,1313.90625
TrackNet,2,4,4244.25,1313.90625
TrackNet,2,5,4244.25,1313.90625
TrackNet,2,6,4244.25,1313.90625
TrackNet,2,7,4244.25,1313.90625
TrackNet,2,8,4244.25,1313.90625
TrackNet,2,9,4244.25,1313.90625
TrackNet,2,10,4244.25,1313.90625
TrackNet,2,11,4244.25,1313.90625
TrackNet,2,12,4244.25,1313.90625
TrackNet,2,13,4244.25,1313.90625
TrackNet,2,14,4244.25,1313.90625
TrackNet,2,15,4244.25,1313.90625
TrackNet,2,16,4244.25,1313.90625
TrackNet,2,17,4244.25,1313.90625
TrackNet,2,18,4244.25,1313.90625
TrackNet,2,19,4244.25,1313.90625
TrackNet,2,20,4244.25,1313.90625
TrackNet,2,21,4244.25,1313.90625
TrackNet,2,22,4244.25,1313.90625
TrackNet,2,23,4244.25,1313.90625
TrackNet,2,24,4244.25,1313.90625
TrackNet,2,25,4244.25,1313.90625
TrackNet,2,26,4244.25,1313.90625
TrackNet,2,27,4244.25,1313.90625
TrackNet,2,28,4244.25,1313.90625
TrackNet,2,29,4244.25,1313.90625
TrackNet,2,30,4244.25,1313.90625
TrackNet,2,31,4244.25,1313.90625
TrackNet,2,32,4244.25,1313.90625
TrackNet,2,33,4244.25,1313.90625
TrackNet,2,34,4244.25,1313.90625
TrackNet,2,35,4244.25,1313.90625
TrackNet,2,36,4244.25,1313.90625
TrackNet,2,37,4244.25,1313.90625
TrackNet,2,38,4244.25,1313.90625
TrackNet,2,39,4244.25,1313.90625
TrackNet,2,40,4244.25,1313.90625
TrackNet,2,41,4244.25,1313.90625
TrackNet,2,42,4244.25,1313.90625
TrackNet,2,43,4244.25,1313.90625
TrackNet,2,44,4244.25,1313.90625
TrackNet,2,45,4244.25,1313.90625
TrackNet,2,46,4244.265625,1313.921875
TrackNet,2,47,4244.265625,1313.921875
TrackNet,2,48,4244.265625,1313.921875
TrackNet,2,49,4244.265625,1313.921875
TrackNet,2,50,4244.265625,1313.921875
TrackNet,2,51,4244.265625,1313.921875
TrackNet,2,52,4244.265625,1313.921875
TrackNet,2,53,4244.265625,1313.921875
TrackNet,2,54,4244.265625,1313.921875
TrackNet,2,55,4244.265625,1313.921875
TrackNet,2,56,4244.265625,1313.921875
TrackNet,2,57,4244.265625,1313.921875
TrackNet,2,58,4244.265625,1313.921875
TrackNet,2,59,4244.265625,1313.921875
TrackNet,2,60,4244.265625,1313.921875
TrackNet,2,61,4244.265625,1313.921875
TrackNet,2,62,4244.265625,1313.921875
TrackNet,2,63,4244.265625,1313.921875
TrackNet,2,64,4244.265625,1313.921875
TrackNet,2,65,4244.265625,1313.921875
TrackNet,2,66,4244.265625,1313.921875
TrackNet,2,67,4244.265625,1313.921875
TrackNet,2,68,4244.265625,1313.921875
TrackNet,2,69,4244.265625,1313.921875
TrackNet,2,70,4244.265625,1313.921875
TrackNet,2,71,4244.265625,1313.921875
TrackNet,2,72,4244.265625,1313.921875
TrackNet,2,73,4244.265625,1313.921875
TrackNet,2,74,4244.265625,1313.921875
TrackNet,2,75,4244.265625,1313.921875
TrackNet,2,76,4244.265625,1313.921875
TrackNet,2,77,4244.265625,1313.921875
TrackNet,2,78,4244.265625,1313.921875
TrackNet,2,79,4244.265625,1313.921875
TrackNet,2,80,4244.265625,1313.921875
TrackNet,2,81,4244.265625,1313.921875
TrackNet,2,82,4244.265625,1313.921875
TrackNet,2,83,4244.265625,1313.921875
TrackNet,2,84,4244.265625,1313.921875
TrackNet,2,85,4244.265625,1313.921875
TrackNet,2,86,4244.265625,1313.921875
TrackNet,2,87,4244.265625,1313.921875
TrackNet,2,88,4244.265625,1313.921875
TrackNet,2,89,4244.28125,1313.9375
TrackNet,2,90,4244.28125,1313.9375
TrackNet,2,91,4244.28125,1313.9375
TrackNet,2,92,4244.28125,1313.9375
TrackNet,2,93,4244.28125,1313.9375
TrackNet,2,94,4244.28125,1313.9375
TrackNet,2,95,4244.28125,1313.9375
TrackNet,2,96,4244.28125,1313.9375
TrackNet,2,97,4244.28125,1313.9375
TrackNet,2,98,4244.28125,1313.9375
TrackNet,2,99,4244.28125,1313.9375
TrackNet,2,100,4244.28125,1313.9375
TrackNet,2,101,4244.28125,1313.9375
TrackNet,2,102,4244.28125,1313.9375
TrackNet,2,103,4199.203125,1268.859375
TrackNet,2,104,4072.9375,1142.59375
TrackNet,2,105,3600.296875,669.953125
TrackNet,2,106,3320.46875,390.125
TrackNet,2,107,3320.46875,390.125
TrackNet,2,108,3320.46875,390.125
TrackNet,2,109,3320.484375,390.140625
TrackNet,2,110,3281.890625,351.546875
TrackNet,2,111,3281.890625,351.546875
TrackNet,2,112,3281.890625,351.546875
TrackNet,2,113,3281.890625,351.546875
TrackNet,2,114,3183.359375,253.015625
TrackNet,2,115,3108.59375,178.25
TrackNet,2,116,3108.59375,178.25
TrackNet,2,117,3087.71875,157.375
TrackNet,2,118,3087.734375,157.390625
TrackNet,2,119,3087.734375,157.390625
TrackNet,2,120,3087.734375,157.390625
TrackNet,2,121,3087.734375,157.390625
TrackNet,2,122,3073.5625,143.21875
TrackNet,2,123,2648.046875,-282.296875
TrackNet,2,124,2648.046875,-282.296875
TrackNet,2,125,2648.046875,-282.296875
TrackNet,2,126,2648.046875,-282.296875
TrackNet,2,127,2648.046875,-282.296875
TrackNet,2,128,2648.046875,-282.296875
TrackNet,2,129,2648.046875,-282.296875
TrackNet,2,130,2648.046875,-282.296875
TrackNet,2,131,2648.046875,-282.296875
TrackNet,2,132,2648.046875,-282.296875
TrackNet,2,133,2648.046875,-282.296875
TrackNet,2,134,2648.046875,-282.296875
TrackNet,2,135,2648.046875,-282.296875
TrackNet,2,136,2648.0625,-282.28125
TrackNet,2,137,2648.0625,-282.28125
TrackNet,2,138,2648.0625,-282.28125
TrackNet,2,139,2648.0625,-282.28125
TrackNet,2,140,2648.0625,-282.28125
TrackNet,2,141,2648.0625,-282.28125
TrackNet,2,142,2648.0625,-282.28125
TrackNet,2,143,2648.0625,-282.28125
TrackNet,2,144,2648.078125,-282.265625
TrackNet,2,145,2648.078125,-282.265625
TrackNet,2,146,2648.078125,-282.265625
TrackNet,2,147,2648.078125,-282.265625
TrackNet,2,148,2648.078125,-282.265625
TrackNet,2,149,2648.078125,-282.265625
TrackNet,2,150,2648.078125,-282.265625
TrackNet,2,151,2648.078125,-282.265625
TrackNet,2,152,2648.078125,-282.265625
TrackNet,2,153,2648.078125,-282.265625
TrackNet,2,154,2648.078125,-282.265625
TrackNet,2,155,2648.078125,-282.265625
TrackNet,2,156,2648.078125,-282.265625
TrackNet,2,157,2648.078125,-282.265625
TrackNet,2,158,2648.078125,-282.265625
TrackNet,2,159,2648.078125,-282.265625
TrackNet,2,160,2648.078125,-282.265625
TrackNet,2,161,2648.09375,-282.25
TrackNet,2,162,2648.09375,-282.25
TrackNet,2,163,2648.09375,-282.25
TrackNet,2,164,2648.09375,-282.25
TrackNet,2,165,2648.09375,-282.25
TrackNet,2,166,2648.09375,-282.25
TrackNet,2,167,2648.09375,-282.25
TrackNet,2,168,2648.09375,-282.25
TrackNet,2,169,2648.09375,-282.25
TrackNet,2,170,2648.09375,-282.25
TrackNet,2,171,2648.09375,-282.25
TrackNet,2,172,2648.09375,-282.25
TrackNet,2,173,2648.109375,-282.234375
TrackNet,2,174,2648.109375,-282.234375
TrackNet,2,175,2648.109375,-282.234375
TrackNet,2,176,2648.109375,-282.234375
TrackNet,2,177,2648.109375,-282.234375
TrackNet,2,178,2648.109375,-282.234375
TrackNet,2,179,2648.109375,-282.234375
TrackNet,2,180,2648.109375,-282.234375
TrackNet,2,181,2652.546875,-277.796875
TrackNet,2,182,2660.078125,-270.265625
TrackNet,2,183,2664.984375,-265.359375
TrackNet,2,184,2670.03125,-260.3125
TrackNet,2,185,2676.953125,-253.390625
TrackNet,2,186,2684.875,-245.46875
TrackNet,2,187,2689.84375,-240.5
TrackNet,2,188,2696.46875,-233.875
TrackNet,2,189,2703.3125,-227.03125
TrackNet,2,190,2711.234375,-219.109375
TrackNet,2,191,2718.484375,-211.859375
TrackNet,2,192,2725.21875,-205.125
TrackNet,2,193,2733.140625,-197.203125
TrackNet,2,194,2739.5625,-190.78125
TrackNet,2,195,2746.203125,-184.140625
TrackNet,2,196,2753.0,-177.34375
TrackNet,2,197,2760.921875,-169.421875
TrackNet,2,198,2765.90625,-164.4375
TrackNet,2,199,2772.625,-157.71875
TrackNet,2,200,2778.890625,-151.453125
TrackNet,2,201,2782.90625,-147.4375
TrackNet,2,202,2784.390625,-145.953125
TrackNet,2,203,2790.71875,-139.625
TrackNet,2,204,2796.171875,-134.171875
TrackNet,2,205,2800.03125,-130.3125
TrackNet,2,206,2806.671875,-123.671875
TrackNet,2,207,2813.015625,-117.328125
TrackNet,2,208,2819.109375,-111.234375
TrackNet,2,209,2820.796875,-109.546875
TrackNet,2,210,2826.890625,-103.453125
TrackNet,2,211,2833.875,-96.46875
TrackNet,2,212,2834.84375,-95.5
TrackNet,2,213,2836.28125,-94.0625
TrackNet,2,214,2842.765625,-87.578125
TrackNet,2,215,2849.234375,-81.109375
TrackNet,2,216,2851.03125,-79.3125
TrackNet,2,217,2852.734375,-77.609375
TrackNet,2,218,2860.65625,-69.6875
TrackNet,2,219,2864.296875,-66.046875
TrackNet,2,220,2871.03125,-59.3125
TrackNet,2,221,2878.953125,-51.390625
TrackNet,2,222,2881.90625,-48.4375
TrackNet,2,223,2889.828125,-40.515625
TrackNet,2,224,2894.09375,-36.25
TrackNet,2,225,2897.59375,-32.75
TrackNet,2,226,2905.515625,-24.828125
TrackNet,2,227,2910.25,-20.09375
TrackNet,2,228,2915.0625,-15.28125
TrackNet,2,229,2922.984375,-7.359375
TrackNet,2,230,2927.828125,-2.515625
TrackNet,2,231,2935.671875,5.328125
TrackNet,2,232,2939.59375,9.25
TrackNet,2,233,2939.96875,9.625
TrackNet,2,234,2947.890625,17.546875
TrackNet,2,235,2952.5,22.15625
TrackNet,2,236,2960.4375,30.09375
TrackNet,2,237,2964.265625,33.921875
TrackNet,2,238,2925.265625,-5.078125
TrackNet,2,239,2879.53125,-50.8125
TrackNet,2,240,2887.453125,-42.890625
TrackNet,2,241,2874.96875,-55.375
TrackNet,2,242,2864.203125,-66.140625
TrackNet,2,243,2864.203125,-66.140625
TrackNet,2,244,2864.203125,-66.140625
TrackNet,2,245,2864.203125,-66.140625
TrackNet,2,246,2864.203125,-66.140625
TrackNet,2,247,2864.203125,-66.140625
TrackNet,2,248,2864.203125,-66.140625
TrackNet,2,249,2864.203125,-66.140625
TrackNet,2,250,2864.203125,-66.140625
TrackNet,2,251,2864.203125,-66.140625
TrackNet,2,252,2864.203125,-66.140625
TrackNet,2,253,2864.203125,-66.140625
TrackNet,2,254,2864.203125,-66.140625
TrackNet,2,255,2864.203125,-66.140625
TrackNet,2,256,2864.203125,-66.140625
TrackNet,2,257,2838.390625,-91.953125
TrackNet,2,258,2838.390625,-91.953125
TrackNet,2,259,2838.390625,-91.953125
TrackNet,2,260,2838.390625,-91.953125
TrackNet,2,261,2838.40625,-91.9375
TrackNet,2,262,2838.40625,-91.9375
TrackNet,2,263,2838.421875,-91.921875
TrackNet,2,264,2838.421875,-91.921875
TrackNet,2,265,2838.421875,-91.921875
TrackNet,2,266,2838.421875,-91.921875
TrackNet,2,267,2838.421875,-91.921875
TrackNet,2,268,2838.421875,-91.921875
TrackNet,2,269,2838.421875,-91.921875
TrackNet,2,270,2838.421875,-91.921875
TrackNet,2,271,2838.421875,-91.921875
TrackNet,2,272,2838.421875,-91.921875
TrackNet,2,273,2838.421875,-91.921875
TrackNet,2,274,2838.421875,-91.921875
TrackNet,2,275,2838.421875,-91.921875
TrackNet,2,276,2838.421875,-91.921875
TrackNet,2,277,2838.421875,-91.921875
TrackNet,2,278,2838.421875,-91.921875
TrackNet,2,279,2838.421875,-91.921875
TrackNet,2,280,2838.421875,-91.921875
TrackNet,2,281,2838.421875,-91.921875
TrackNet,2,282,2838.421875,-91.921875
TrackNet,2,283,2838.421875,-91.921875
TrackNet,2,284,2841.765625,-88.578125
TrackNet,2,285,2847.234375,-83.109375
TrackNet,2,286,2854.03125,-76.3125
TrackNet,2,287,2861.609375,-68.734375
TrackNet,2,288,2869.03125,-61.3125
TrackNet,2,289,2874.59375,-55.75
TrackNet,2,290,2881.875,-48.46875
TrackNet,2,291,2884.5,-45.84375
TrackNet,2,292,2891.953125,-38.390625
TrackNet,2,293,2898.25,-32.09375
TrackNet,2,294,2905.828125,-24.515625
TrackNet,2,295,2913.703125,-16.640625
TrackNet,2,296,2917.953125,-12.390625
TrackNet,2,297,2924.59375,-5.75
TrackNet,2,298,2930.890625,0.546875
TrackNet,2,299,2938.8125,8.46875
TrackNet,3,0,2976.625,46.28125
TrackNet,3,1,2976.640625,46.296875
TrackNet,3,2,2959.53125,29.1875
TrackNet,3,3,2959.53125,29.1875
TrackNet,3,4,2959.53125,29.1875
TrackNet,3,5,2959.53125,29.1875
TrackNet,3,6,2959.53125,29.1875
TrackNet,3,7,2959.53125,29.1875
TrackNet,3,8,2959.53125,29.1875
TrackNet,3,9,2959.53125,29.1875
TrackNet,3,10,2959.53125,29.1875
TrackNet,3,11,2959.53125,29.1875
TrackNet,3,12,2959.53125,29.1875
TrackNet,3,13,2959.53125,29.1875
TrackNet,3,14,2959.53125,29.1875
TrackNet,3,15,2959.53125,29.1875
TrackNet,3,16,2959.53125,29.1875
TrackNet,3,17,2959.53125,29.1875
TrackNet,3,18,2959.53125,29.1875
TrackNet,3,19,2959.53125,29.1875
TrackNet,3,20,2959.53125,29.1875
TrackNet,3,21,2959.53125,29.1875
TrackNet,3,22,2959.53125,29.1875
TrackNet,3,23,2959.53125,29.1875
TrackNet,3,24,2959.53125,29.1875
TrackNet,3,25,2959.53125,29.1875
TrackNet,3,26,2959.53125,29.1875
TrackNet,3,27,2959.53125,29.1875
TrackNet,3,28,2959.53125,29.1875
TrackNet,3,29,2959.53125,29.1875
TrackNet,3,30,2959.53125,29.1875
TrackNet,3,31,2959.53125,29.1875
TrackNet,3,32,2959.53125,29.1875
TrackNet,3,33,2959.53125,29.1875
TrackNet,3,34,2959.53125,29.1875
TrackNet,3,35,2959.53125,29.1875
TrackNet,3,36,2959.53125,29.1875
TrackNet,3,37,2959.53125,29.1875
TrackNet,3,38,2959.53125,29.1875
TrackNet,3,39,2959.53125,29.1875
TrackNet,3,40,2959.53125,29.1875
TrackNet,3,41,2959.53125,29.1875
TrackNet,3,42,2959.53125,29.1875
TrackNet,3,43,2959.53125,29.1875
TrackNet,3,44,2959.53125,29.1875
TrackNet,3,45,2959.53125,29.1875
TrackNet,3,46,2959.53125,29.1875
TrackNet,3,47,2959.53125,29.1875
TrackNet,3,48,2959.53125,29.1875
TrackNet,3,49,2959.53125,29.1875
TrackNet,3,50,2959.53125,29.1875
TrackNet,3,51,2959.53125,29.1875
TrackNet,3,52,2959.53125,29.1875
TrackNet,3,53,2959.546875,29.203125
TrackNet,3,54,2959.546875,29.203125
TrackNet,3,55,2959.546875,29.203125
TrackNet,3,56,2959.546875,29.203125
TrackNet,3,57,2959.546875,29.203125
TrackNet,3,58,2959.546875,29.203125
TrackNet,3,59,2959.546875,29.203125
TrackNet,3,60,2959.546875,29.203125
TrackNet,3,61,2959.546875,29.203125
TrackNet,3,62,2959.546875,29.203125
TrackNet,3,63,2959.5625,29.21875
TrackNet,3,64,2959.5625,29.21875
TrackNet,3,65,2916.34375,-14.0
TrackNet,3,66,2899.453125,-30.890625
TrackNet,3,67,2899.453125,-30.890625
TrackNet,3,68,2899.453125,-30.890625
TrackNet,3,69,2883.390625,-46.953125
TrackNet,3,70,2863.0625,-67.28125
TrackNet,3,71,2863.078125,-67.265625
TrackNet,3,72,2863.078125,-67.265625
TrackNet,3,73,2863.109375,-67.234375
TrackNet,3,74,2863.109375,-67.234375
TrackNet,3,75,2863.109375,-67.234375
TrackNet,3,76,2863.109375,-67.234375
TrackNet,3,77,2863.109375,-67.234375
TrackNet,3,78,2863.109375,-67.234375
TrackNet,3,79,2863.109375,-67.234375
TrackNet,3,80,2863.109375,-67.234375
TrackNet,3,81,2863.125,-67.21875
TrackNet,3,82,2863.125,-67.21875
TrackNet,3,83,2863.125,-67.21875
TrackNet,3,84,2863.125,-67.21875
TrackNet,3,85,2863.125,-67.21875
TrackNet,3,86,2863.125,-67.21875
TrackNet,3,87,2863.125,-67.21875
TrackNet,3,88,2863.125,-67.21875
TrackNet,3,89,2863.125,-67.21875
TrackNet,3,90,2855.234375,-75.109375
TrackNet,3,91,2849.859375,-80.484375
TrackNet,3,92,2849.875,-80.46875
TrackNet,3,93,2849.875,-80.46875
TrackNet,3,94,2842.125,-88.21875
TrackNet,3,95,2840.78125,-89.5625
TrackNet,3,96,2807.796875,-122.546875
TrackNet,3,97,2794.359375,-135.984375
TrackNet,3,98,2790.59375,-139.75
TrackNet,3,99,2790.59375,-139.75
TrackNet,3,100,2790.59375,-139.75
TrackNet,3,101,2790.59375,-139.75
TrackNet,3,102,2790.59375,-139.75
TrackNet,3,103,2790.59375,-139.75
TrackNet,3,104,2790.59375,-139.75
TrackNet,3,105,2786.6875,-143.65625
TrackNet,3,106,2786.6875,-143.65625
TrackNet,3,107,2786.6875,-143.65625
TrackNet,3,108,2786.6875,-143.65625
TrackNet,3,109,2786.6875,-143.65625
TrackNet,3,110,2786.6875,-143.65625
TrackNet,3,111,2786.6875,-143.65625
TrackNet,3,112,2786.6875,-143.65625
TrackNet,3,113,2786.6875,-143.65625
TrackNet,3,114,2786.6875,-143.65625
TrackNet,3,115,2786.6875,-143.65625
TrackNet,3,116,2786.6875,-143.65625
TrackNet,3,117,2786.6875,-143.65625
TrackNet,3,118,2786.6875,-143.65625
TrackNet,3,119,2786.6875,-143.65625
TrackNet,3,120,2786.6875,-143.65625
TrackNet,3,121,2786.6875,-143.65625
TrackNet,3,122,2786.6875,-143.65625
TrackNet,3,123,2786.6875,-143.65625
TrackNet,3,124,2786.6875,-143.65625
TrackNet,3,125,2786.6875,-143.65625
TrackNet,3,126,2786.6875,-143.65625
TrackNet,3,127,2786.703125,-143.640625
TrackNet,3,128,2786.703125,-143.640625
TrackNet,3,129,2786.703125,-143.640625
TrackNet,3,130,2786.703125,-143.640625
TrackNet,3,131,2786.703125,-143.640625
TrackNet,3,132,2786.703125,-143.640625
TrackNet,3,133,2786.703125,-143.640625
TrackNet,3,134,2786.703125,-143.640625
TrackNet,3,135,2786.703125,-143.640625
TrackNet,3,136,2786.703125,-143.640625
TrackNet,3,137,2786.703125,-143.640625
TrackNet,3,138,2786.703125,-143.640625
TrackNet,3,139,2786.703125,-143.640625
TrackNet,3,140,2786.703125,-143.640625
TrackNet,3,141,2786.703125,-143.640625
TrackNet,3,142,2786.703125,-143.640625
TrackNet,3,143,2786.703125,-143.640625
TrackNet,3,144,2786.703125,-143.640625
TrackNet,3,145,2786.703125,-143.640625
TrackNet,3,146,2786.703125,-143.640625
TrackNet,3,147,2786.703125,-143.640625
TrackNet,3,148,2786.703125,-143.640625
TrackNet,3,149,2786.703125,-143.640625
TrackNet,3,150,2786.703125,-143.640625
TrackNet,3,151,2786.703125,-143.640625
TrackNet,3,152,2786.703125,-143.640625
TrackNet,3,153,2786.703125,-143.640625
TrackNet,3,154,2786.703125,-143.640625
TrackNet,3,155,2786.703125,-143.640625
TrackNet,3,156,2786.703125,-143.640625
TrackNet,3,157,2786.703125,-143.640625
TrackNet,3,158,2786.703125,-143.640625
TrackNet,3,159,2786.703125,-143.640625
TrackNet,3,160,2786.703125,-143.640625
TrackNet,3,161,2786.703125,-143.640625
TrackNet,3,162,2786.703125,-143.640625
TrackNet,3,163,2786.71875,-143.625
TrackNet,3,164,2786.71875,-143.625
TrackNet,3,165,2786.71875,-143.625
TrackNet,3,166,2786.71875,-143.625
TrackNet,3,167,2786.71875,-143.625
TrackNet,3,168,2786.71875,-143.625
TrackNet,3,169,2786.71875,-143.625
TrackNet,3,170,2786.734375,-143.609375
TrackNet,3,171,2786.734375,-143.609375
TrackNet,3,172,2786.734375,-143.609375
TrackNet,3,173,2786.734375,-143.609375
TrackNet,3,174,2770.015625,-160.328125
TrackNet,3,175,2770.015625,-160.328125
TrackNet,3,176,2770.015625,-160.328125
TrackNet,3,177,2770.015625,-160.328125
TrackNet,3,178,2770.015625,-160.328125
TrackNet,3,179,2770.015625,-160.328125
TrackNet,3,180,2770.015625,-160.328125
TrackNet,3,181,2770.015625,-160.328125
TrackNet,3,182,2770.015625,-160.328125
TrackNet,3,183,2770.015625,-160.328125
TrackNet,3,184,2770.015625,-160.328125
TrackNet,3,185,2770.015625,-160.328125
TrackNet,3,186,2770.015625,-160.328125
TrackNet,3,187,2770.015625,-160.328125
TrackNet,3,188,2770.015625,-160.328125
TrackNet,3,189,2770.015625,-160.328125
TrackNet,3,190,2770.03125,-160.3125
TrackNet,3,191,2770.03125,-160.3125
TrackNet,3,192,2770.03125,-160.3125
TrackNet,3,193,2770.03125,-160.3125
TrackNet,3,194,2770.03125,-160.3125
TrackNet,3,195,2770.03125,-160.3125
TrackNet,3,196,2770.03125,-160.3125
TrackNet,3,197,2770.03125,-160.3125
TrackNet,3,198,2770.03125,-160.3125
TrackNet,3,199,2770.03125,-160.3125
TrackNet,3,200,2770.03125,-160.3125
TrackNet,3,201,2770.03125,-160.3125
TrackNet,3,202,2770.03125,-160.3125
TrackNet,3,203,2770.03125,-160.3125
TrackNet,3,204,2770.03125,-160.3125
TrackNet,3,205,2770.03125,-160.3125
TrackNet,3,206,2770.03125,-160.3125
TrackNet,3,207,2770.03125,-160.3125
TrackNet,3,208,2770.03125,-160.3125
TrackNet,3,209,2770.03125,-160.3125
TrackNet,3,210,2770.03125,-160.3125
TrackNet,3,211,2770.03125,-160.3125
TrackNet,3,212,2770.03125,-160.3125
TrackNet,3,213,2770.03125,-160.3125
TrackNet,3,214,2770.03125,-160.3125
TrackNet,3,215,2770.03125,-160.3125
TrackNet,3,216,2770.03125,-160.3125
TrackNet,3,217,2770.03125,-160.3125
TrackNet,3,218,2770.03125,-160.3125
TrackNet,3,219,2770.03125,-160.3125
TrackNet,3,220,2770.03125,-160.3125
TrackNet,3,221,2770.03125,-160.3125
TrackNet,3,222,2770.03125,-160.3125
TrackNet,3,223,2770.03125,-160.3125
TrackNet,3,224,2770.03125,-160.3125
TrackNet,3,225,2770.03125,-160.3125
TrackNet,3,226,2770.03125,-160.3125
TrackNet,3,227,2770.03125,-160.3125
TrackNet,3,228,2770.03125,-160.3125
TrackNet,3,229,2770.03125,-160.3125
TrackNet,3,230,2770.03125,-160.3125
TrackNet,3,231,2770.03125,-160.3125
TrackNet,3,232,2770.03125,-160.3125
TrackNet,3,233,2770.03125,-160.3125
TrackNet,3,234,2770.03125,-160.3125
TrackNet,3,235,2770.03125,-160.3125
TrackNet,3,236,2770.03125,-160.3125
TrackNet,3,237,2770.03125,-160.3125
TrackNet,3,238,2770.03125,-160.3125
TrackNet,3,239,2770.03125,-160.3125
TrackNet,3,240,2770.03125,-160.3125
TrackNet,3,241,2770.03125,-160.3125
TrackNet,3,242,2770.03125,-160.3125
TrackNet,3,243,2770.03125,-160.3125
TrackNet,3,244,2770.03125,-160.3125
TrackNet,3,245,2770.03125,-160.3125
TrackNet,3,246,2770.03125,-160.3125
TrackNet,3,247,2770.03125,-160.3125
TrackNet,3,248,2770.03125,-160.3125
TrackNet,3,249,2770.03125,-160.3125
TrackNet,3,250,2770.03125,-160.3125
TrackNet,3,251,2770.03125,-160.3125
TrackNet,3,252,2770.03125,-160.3125
TrackNet,3,253,2770.03125,-160.3125
TrackNet,3,254,2770.046875,-160.296875
TrackNet,3,255,2770.046875,-160.296875
TrackNet,3,256,2770.046875,-160.296875
TrackNet,3,257,2770.046875,-160.296875
TrackNet,3,258,2770.046875,-160.296875
TrackNet,3,259,2770.046875,-160.296875
TrackNet,3,260,2770.046875,-160.296875
TrackNet,3,261,2770.046875,-160.296875
TrackNet,3,262,2770.046875,-160.296875
TrackNet,3,263,2770.046875,-160.296875
TrackNet,3,264,2770.046875,-160.296875
TrackNet,3,265,2770.046875,-160.296875
TrackNet,3,266,2770.046875,-160.296875
TrackNet,3,267,2770.046875,-160.296875
TrackNet,3,268,2770.046875,-160.296875
TrackNet,3,269,2770.046875,-160.296875
TrackNet,3,270,2770.046875,-160.296875
TrackNet,3,271,2770.046875,-160.296875
TrackNet,3,272,2770.046875,-160.296875
TrackNet,3,273,2770.046875,-160.296875
TrackNet,3,274,2770.046875,-160.296875
TrackNet,3,275,2770.046875,-160.296875
TrackNet,3,276,2770.046875,-160.296875
TrackNet,3,277,2770.046875,-160.296875
TrackNet,3,278,2770.046875,-160.296875
TrackNet,3,279,2770.046875,-160.296875
TrackNet,3,280,2770.046875,-160.296875
TrackNet,3,281,2770.046875,-160.296875
TrackNet,3,282,2770.046875,-160.296875
TrackNet,3,283,2770.046875,-160.296875
TrackNet,3,284,2770.046875,-160.296875
TrackNet,3,285,2770.046875,-160.296875
TrackNet,3,286,2770.046875,-160.296875
TrackNet,3,287,2770.046875,-160.296875
TrackNet,3,288,2770.046875,-160.296875
TrackNet,3,289,2770.046875,-160.296875
TrackNet,3,290,2770.0625,-160.28125
TrackNet,3,291,2770.0625,-160.28125
TrackNet,3,292,2770.0625,-160.28125
TrackNet,3,293,2766.96875,-163.375
TrackNet,3,294,2667.28125,-263.0625
TrackNet,3,295,2654.34375,-276.0
TrackNet,3,296,2640.015625,-290.328125
TrackNet,3,297,2626.140625,-304.203125
TrackNet,3,298,2626.140625,-304.203125
TrackNet,3,299,2626.140625,-304.203125
TrackNet,4,0,2626.140625,-304.203125
TrackNet,4,1,2626.140625,-304.203125
TrackNet,4,2,2626.140625,-304.203125
TrackNet,4,3,2626.140625,-304.203125
TrackNet,4,4,2626.140625,-304.203125
TrackNet,4,5,2626.140625,-304.203125
TrackNet,4,6,2626.140625,-304.203125
TrackNet,4,7,2626.140625,-304.203125
TrackNet,4,8,2626.140625,-304.203125
TrackNet,4,9,2626.140625,-304.203125
TrackNet,4,10,2626.140625,-304.203125
TrackNet,4,11,2626.15625,-304.1875
TrackNet,4,12,2626.15625,-304.1875
TrackNet,4,13,2626.15625,-304.1875
TrackNet,4,14,2626.15625,-304.1875
TrackNet,4,15,2626.15625,-304.1875
TrackNet,4,16,2626.15625,-304.1875
TrackNet,4,17,2626.171875,-304.171875
TrackNet,4,18,2626.1875,-304.15625
TrackNet,4,19,2626.1875,-304.15625
TrackNet,4,20,2626.1875,-304.15625
TrackNet,4,21,2626.1875,-304.15625
TrackNet,4,22,2626.1875,-304.15625
TrackNet,4,23,2626.1875,-304.15625
TrackNet,4,24,2626.203125,-304.140625
TrackNet,4,25,2626.203125,-304.140625
TrackNet,4,26,2626.21875,-304.125
TrackNet,4,27,2626.21875,-304.125
TrackNet,4,28,2626.21875,-304.125
TrackNet,4,29,2626.21875,-304.125
TrackNet,4,30,2626.21875,-304.125
TrackNet,4,31,2626.21875,-304.125
TrackNet,4,32,2626.21875,-304.125
TrackNet,4,33,2626.21875,-304.125
TrackNet,4,34,2626.21875,-304.125
TrackNet,4,35,2626.21875,-304.125
TrackNet,4,36,2626.21875,-304.125
TrackNet,4,37,2626.21875,-304.125
TrackNet,4,38,2626.21875,-304.125
TrackNet,4,39,2626.21875,-304.125
TrackNet,4,40,2626.21875,-304.125
TrackNet,4,41,2626.21875,-304.125
TrackNet,4,42,2626.21875,-304.125
TrackNet,4,43,2626.21875,-304.125
TrackNet,4,44,2626.21875,-304.125
TrackNet,4,45,2626.25,-304.09375
TrackNet,4,46,2626.25,-304.09375
TrackNet,4,47,2626.25,-304.09375
TrackNet,4,48,2626.25,-304.09375
TrackNet,4,49,2626.25,-304.09375
TrackNet,4,50,2626.25,-304.09375
TrackNet,4,51,2626.25,-304.09375
TrackNet,4,52,2626.25,-304.09375
TrackNet,4,53,2626.25,-304.09375
TrackNet,4,54,2626.25,-304.09375
TrackNet,4,55,2626.25,-304.09375
TrackNet,4,56,2626.25,-304.09375
TrackNet,4,57,2626.25,-304.09375
TrackNet,4,58,2626.25,-304.09375
TrackNet,4,59,2626.25,-304.09375
TrackNet,4,60,2626.25,-304.09375
TrackNet,4,61,2626.25,-304.09375
TrackNet,4,62,2626.25,-304.09375
TrackNet,4,63,2626.25,-304.09375
TrackNet,4,64,2626.25,-304.09375
TrackNet,4,65,2626.25,-304.09375
TrackNet,4,66,2626.25,-304.09375
TrackNet,4,67,2626.25,-304.09375
TrackNet,4,68,2626.25,-304.09375
TrackNet,4,69,2626.25,-304.09375
TrackNet,4,70,2626.25,-304.09375
TrackNet,4,71,2626.25,-304.09375
TrackNet,4,72,2626.25,-304.09375
TrackNet,4,73,2626.25,-304.09375
TrackNet,4,74,2626.25,-304.09375
TrackNet,4,75,2626.25,-304.09375
TrackNet,4,76,2626.25,-304.09375
TrackNet,4,77,2626.25,-304.09375
TrackNet,4,78,2626.25,-304.09375
TrackNet,4,79,2626.25,-304.09375
TrackNet,4,80,2626.25,-304.09375
TrackNet,4,81,2626.28125,-304.0625
TrackNet,4,82,2626.28125,-304.0625
TrackNet,4,83,2626.28125,-304.0625
TrackNet,4,84,2626.28125,-304.0625
TrackNet,4,85,2626.28125,-304.0625
TrackNet,4,86,2626.28125,-304.0625
TrackNet,4,87,2626.28125,-304.0625
TrackNet,4,88,2626.28125,-304.0625
TrackNet,4,89,2626.28125,-304.0625
TrackNet,4,90,2626.28125,-304.0625
TrackNet,4,91,2626.28125,-304.0625
TrackNet,4,92,2626.28125,-304.0625
TrackNet,4,93,2626.28125,-304.0625
TrackNet,4,94,2554.203125,-376.140625
TrackNet,4,95,2463.53125,-466.8125
TrackNet,4,96,2469.5,-460.84375
TrackNet,4,97,2465.859375,-464.484375
TrackNet,4,98,2472.78125,-457.5625
TrackNet,4,99,2464.984375,-465.359375
TrackNet,4,100,2451.140625,-479.203125
TrackNet,4,101,2453.40625,-476.9375
TrackNet,4,102,2421.734375,-508.609375
TrackNet,4,103,2225.59375,-704.75
TrackNet,4,104,2231.859375,-698.484375
TrackNet,4,105,2238.15625,-692.1875
TrackNet,4,106,2244.09375,-686.25
TrackNet,4,107,2251.046875,-679.296875
TrackNet,4,108,2208.734375,-721.609375
TrackNet,4,109,2215.171875,-715.171875
TrackNet,4,110,2221.015625,-709.328125
TrackNet,4,111,2227.828125,-702.515625
TrackNet,4,112,2233.984375,-696.359375
TrackNet,4,113,2215.75,-714.59375
TrackNet,4,114,2221.125,-709.21875
TrackNet,4,115,2218.734375,-711.609375
TrackNet,4,116,2203.0625,-727.28125
TrackNet,4,117,2209.359375,-720.984375
TrackNet,4,118,2209.671875,-720.671875
TrackNet,4,119,2216.828125,-713.515625
TrackNet,4,120,2223.296875,-707.046875
TrackNet,4,121,2229.578125,-700.765625
TrackNet,4,122,2236.453125,-693.890625
TrackNet,4,123,2242.96875,-687.375
TrackNet,4,124,2249.703125,-680.640625
TrackNet,4,125,2256.265625,-674.078125
TrackNet,4,126,2262.859375,-667.484375
TrackNet,4,127,2269.5,-660.84375
TrackNet,4,128,2275.8125,-654.53125
TrackNet,4,129,2281.65625,-648.6875
TrackNet,4,130,2288.609375,-641.734375
TrackNet,4,131,2295.25,-635.09375
TrackNet,4,132,2301.859375,-628.484375
TrackNet,4,133,2307.84375,-622.5
TrackNet,4,134,2314.796875,-615.546875
TrackNet,4,135,2321.453125,-608.890625
TrackNet,4,136,2327.859375,-602.484375
TrackNet,4,137,2315.890625,-614.453125
TrackNet,4,138,2306.609375,-623.734375
TrackNet,4,139,2294.15625,-636.1875
TrackNet,4,140,2300.5,-629.84375
TrackNet,4,141,2296.96875,-633.375
TrackNet,4,142,2278.03125,-652.3125
TrackNet,4,143,2284.609375,-645.734375
TrackNet,4,144,2258.28125,-672.0625
TrackNet,4,145,2264.1875,-666.15625
TrackNet,4,146,2270.921875,-659.421875
TrackNet,4,147,2277.640625,-652.703125
TrackNet,4,148,2284.03125,-646.3125
TrackNet,4,149,2259.859375,-670.484375
TrackNet,4,150,2266.234375,-664.109375
TrackNet,4,151,2272.875,-657.46875
TrackNet,4,152,2278.8125,-651.53125
TrackNet,4,153,2283.125,-647.21875
TrackNet,4,154,2285.375,-644.96875
TrackNet,4,155,2287.3125,-643.03125
TrackNet,4,156,2289.796875,-640.546875
TrackNet,4,157,2293.328125,-637.015625
TrackNet,4,158,2294.625,-635.71875
TrackNet,4,159,2294.625,-635.71875
TrackNet,4,160,2298.03125,-632.3125
TrackNet,4,161,2299.3125,-631.03125
TrackNet,4,162,2301.46875,-628.875
TrackNet,4,163,2303.109375,-627.234375
TrackNet,4,164,2305.203125,-625.140625
TrackNet,4,165,2305.203125,-625.140625
TrackNet,4,166,2305.5625,-624.78125
TrackNet,4,167,2309.6875,-620.65625
TrackNet,4,168,2310.328125,-620.015625
TrackNet,4,169,2313.4375,-616.90625
TrackNet,4,170,2314.84375,-615.5
TrackNet,4,171,2315.53125,-614.8125
TrackNet,4,172,2315.53125,-614.8125
TrackNet,4,173,2317.90625,-612.4375
TrackNet,4,174,2324.171875,-606.171875
TrackNet,4,175,2330.421875,-599.921875
TrackNet,4,176,2330.90625,-599.4375
TrackNet,4,177,2331.953125,-598.390625
TrackNet,4,178,2332.984375,-597.359375
TrackNet,4,179,2332.984375,-597.359375
TrackNet,4,180,2333.875,-596.46875
TrackNet,4,181,2334.546875,-595.796875
TrackNet,4,182,2334.9375,-595.40625
TrackNet,4,183,2337.921875,-592.421875
TrackNet,4,184,2340.8125,-589.53125
TrackNet,4,185,2341.8125,-588.53125
TrackNet,4,186,2341.8125,-588.53125
TrackNet,4,187,2344.765625,-585.578125
TrackNet,4,188,2346.0625,-584.28125
TrackNet,4,189,2347.140625,-583.203125
TrackNet,4,190,2347.140625,-583.203125
TrackNet,4,191,2347.8125,-582.53125
TrackNet,4,192,2349.0,-581.34375
TrackNet,4,193,2349.0,-581.34375
TrackNet,4,194,2350.5,-579.84375
TrackNet,4,195,2351.78125,-578.5625
TrackNet,4,196,2352.921875,-577.421875
TrackNet,4,197,2352.921875,-577.421875
TrackNet,4,198,2355.859375,-574.484375
TrackNet,4,199,2357.0625,-573.28125
TrackNet,4,200,2358.71875,-571.625
TrackNet,4,201,2362.625,-567.71875
TrackNet,4,202,2369.0625,-561.28125
TrackNet,4,203,2370.65625,-559.6875
TrackNet,4,204,2373.125,-557.21875
TrackNet,4,205,2377.21875,-553.125
TrackNet,4,206,2378.5,-551.84375
TrackNet,4,207,2380.078125,-550.265625
TrackNet,4,208,2381.921875,-548.421875
TrackNet,4,209,2388.15625,-542.1875
TrackNet,4,210,2389.984375,-540.359375
TrackNet,4,211,2390.921875,-539.421875
TrackNet,4,212,2397.875,-532.46875
TrackNet,4,213,2404.34375,-526.0
TrackNet,4,214,2405.78125,-524.5625
TrackNet,4,215,2407.21875,-523.125
TrackNet,4,216,2404.984375,-525.359375
TrackNet,4,217,2411.21875,-519.125
TrackNet,4,218,2411.21875,-519.125
TrackNet,4,219,2415.46875,-514.875
TrackNet,4,220,2416.65625,-513.6875
TrackNet,4,221,2416.65625,-513.6875
TrackNet,4,222,2414.40625,-515.9375
TrackNet,4,223,2414.40625,-515.9375
TrackNet,4,224,2409.546875,-520.796875
TrackNet,4,225,2413.96875,-516.375
TrackNet,4,226,2413.96875,-516.375
TrackNet,4,227,2417.15625,-513.1875
TrackNet,4,228,2420.265625,-510.078125
TrackNet,4,229,2420.265625,-510.078125
TrackNet,4,230,2423.34375,-507.0
TrackNet,4,231,2423.421875,-506.921875
TrackNet,4,232,2427.421875,-502.921875
TrackNet,4,233,2434.96875,-495.375
TrackNet,4,234,2434.96875,-495.375
TrackNet,4,235,2438.296875,-492.046875
TrackNet,4,236,2438.296875,-492.046875
TrackNet,4,237,2442.390625,-487.953125
TrackNet,4,238,2442.5625,-487.78125
TrackNet,4,239,2446.421875,-483.921875
TrackNet,4,240,2446.421875,-483.921875
TrackNet,4,241,2446.8125,-483.53125
TrackNet,4,242,2448.0625,-482.28125
TrackNet,4,243,2451.1875,-479.15625
TrackNet,4,244,2451.1875,-479.15625
TrackNet,4,245,2453.953125,-476.390625
TrackNet,4,246,2453.953125,-476.390625
TrackNet,4,247,2456.8125,-473.53125
TrackNet,4,248,2462.46875,-467.875
TrackNet,4,249,2468.0625,-462.28125
TrackNet,4,250,2474.90625,-455.4375
TrackNet,4,251,2480.703125,-449.640625
TrackNet,4,252,2488.625,-441.71875
TrackNet,4,253,2490.875,-439.46875
TrackNet,4,254,2493.921875,-436.421875
TrackNet,4,255,2501.84375,-428.5
TrackNet,4,256,2509.765625,-420.578125
TrackNet,4,257,2509.765625,-420.578125
TrackNet,4,258,2513.609375,-416.734375
TrackNet,4,259,2513.609375,-416.734375
TrackNet,4,260,2514.921875,-415.421875
TrackNet,4,261,2519.296875,-411.046875
TrackNet,4,262,2525.265625,-405.078125
TrackNet,4,263,2527.75,-402.59375
TrackNet,4,264,2527.75,-402.59375
TrackNet,4,265,2530.859375,-399.484375
TrackNet,4,266,2533.796875,-396.546875
TrackNet,4,267,2536.25,-394.09375
TrackNet,4,268,2536.25,-394.09375
TrackNet,4,269,2536.53125,-393.8125
TrackNet,4,270,2542.5625,-387.78125
TrackNet,4,271,2542.578125,-387.765625
TrackNet,4,272,2545.859375,-384.484375
TrackNet,4,273,2549.765625,-380.578125
TrackNet,4,274,2549.765625,-380.578125
TrackNet,4,275,2550.03125,-380.3125
TrackNet,4,276,2551.171875,-379.171875
TrackNet,4,277,2552.078125,-378.265625
TrackNet,4,278,2553.1875,-377.15625
TrackNet,4,279,2556.921875,-373.421875
TrackNet,4,280,2556.921875,-373.421875
TrackNet,4,281,2556.921875,-373.421875
TrackNet,4,282,2556.921875,-373.421875
TrackNet,4,283,2556.921875,-373.421875
TrackNet,4,284,2556.921875,-373.421875
TrackNet,4,285,2556.921875,-373.421875
TrackNet,4,286,2556.921875,-373.421875
TrackNet,4,287,2556.921875,-373.421875
TrackNet,4,288,2556.921875,-373.421875
TrackNet,4,289,2556.921875,-373.421875
TrackNet,4,290,2556.921875,-373.421875
TrackNet,4,291,2556.921875,-373.421875
TrackNet,4,292,2556.921875,-373.421875
TrackNet,4,293,2556.921875,-373.421875
TrackNet,4,294,2556.921875,-373.421875
TrackNet,4,295,2556.921875,-373.421875
TrackNet,4,296,2556.921875,-373.421875
TrackNet,4,297,2556.921875,-373.421875
TrackNet,4,298,2556.921875,-373.421875
TrackNet,4,299,2556.921875,-373.421875
YOLO,0,0,2728.515625,169.515625
YOLO,0,1,2728.515625,169.515625
YOLO,0,2,2728.515625,169.515625
YOLO,0,3,2728.515625,169.515625
YOLO,0,4,2728.515625,169.515625
YOLO,0,5,2728.515625,169.515625
YOLO,0,6,2728.515625,169.515625
YOLO,0,7,2728.515625,169.515625
YOLO,0,8,2728.515625,169.515625
YOLO,0,9,2728.515625,169.515625
YOLO,0,10,2728.515625,169.515625
YOLO,0,11,2728.515625,169.515625
YOLO,0,12,2728.515625,169.515625
YOLO,0,13,2728.515625,169.515625
YOLO,0,14,2728.515625,169.515625
YOLO,0,15,2728.515625,169.515625
YOLO,0,16,2728.515625,169.515625
YOLO,0,17,2728.515625,169.515625
YOLO,0,18,2728.515625,169.515625
YOLO,0,19,2728.515625,169.515625
YOLO,0,20,2733.203125,174.203125
YOLO,0,21,2737.890625,178.890625
YOLO,0,22,2742.578125,183.578125
YOLO,0,23,2747.265625,188.265625
YOLO,0,24,2751.953125,192.953125
YOLO,0,25,2756.640625,197.640625
YOLO,0,26,2761.328125,202.328125
YOLO,0,27,2766.015625,207.015625
YOLO,0,28,2770.703125,211.703125
YOLO,0,29,2775.390625,216.390625
YOLO,0,30,2780.078125,221.078125
YOLO,0,31,2784.765625,225.765625
YOLO,0,32,2789.453125,230.453125
YOLO,0,33,2794.140625,235.140625
YOLO,0,34,2798.828125,239.828125
YOLO,0,35,2803.515625,244.515625
YOLO,0,36,2808.21875,249.21875
YOLO,0,37,2812.90625,253.90625
YOLO,0,38,2817.59375,258.59375
YOLO,0,39,2822.28125,263.28125
YOLO,0,40,2826.96875,267.96875
YOLO,0,41,2831.65625,272.65625
YOLO,0,42,2836.359375,277.359375
YOLO,0,43,2841.046875,282.046875
YOLO,0,44,2845.734375,286.734375
YOLO,0,45,2850.4375,291.4375
YOLO,0,46,2855.125,296.125
YOLO,0,47,2859.8125,300.8125
YOLO,0,48,2864.5,305.5
YOLO,0,49,2869.1875,310.1875
YOLO,0,50,2873.875,314.875
YOLO,0,51,2878.5625,319.5625
YOLO,0,52,2883.25,324.25
YOLO,0,53,2887.9375,328.9375
YOLO,0,54,2892.625,333.625
YOLO,0,55,2897.3125,338.3125
YOLO,0,56,2902.0,343.0
YOLO,0,57,2906.6875,347.6875
YOLO,0,58,2774.796875,215.796875
YOLO,0,59,2738.875,179.875
YOLO,0,60,2743.5625,184.5625
YOLO,0,61,2748.25,189.25
YOLO,0,62,2752.875,193.875
YOLO,0,63,2757.5625,198.5625
YOLO,0,64,2762.25,203.25
YOLO,0,65,2766.9375,207.9375
YOLO,0,66,2771.625,212.625
YOLO,0,67,2776.3125,217.3125
YOLO,0,68,2781.0,222.0
YOLO,0,69,2785.703125,226.703125
YOLO,0,70,2790.390625,231.390625
YOLO,0,71,2795.078125,236.078125
YOLO,0,72,2799.765625,240.765625
YOLO,0,73,2804.453125,245.453125
YOLO,0,74,2809.140625,250.140625
YOLO,0,75,2813.828125,254.828125
YOLO,0,76,2818.515625,259.515625
YOLO,0,77,2823.21875,264.21875
YOLO,0,78,2827.90625,268.90625
YOLO,0,79,2832.59375,273.59375
YOLO,0,80,2837.28125,278.28125
YOLO,0,81,2682.375,123.375
YOLO,0,82,2687.0625,128.0625
YOLO,0,83,2691.75,132.75
YOLO,0,84,2696.4375,137.4375
YOLO,0,85,2701.125,142.125
YOLO,0,86,2705.8125,146.8125
YOLO,0,87,2710.5,151.5
YOLO,0,88,2715.1875,156.1875
YOLO,0,89,2719.875,160.875
YOLO,0,90,2724.5625,165.5625
YOLO,0,91,2729.25,170.25
YOLO,0,92,2733.9375,174.9375
YOLO,0,93,2738.625,179.625
YOLO,0,94,2743.3125,184.3125
YOLO,0,95,2748.0,189.0
YOLO,0,96,2752.6875,193.6875
YOLO,0,97,2757.375,198.375
YOLO,0,98,2762.0625,203.0625
YOLO,0,99,2766.765625,207.765625
YOLO,0,100,2771.453125,212.453125
YOLO,0,101,2776.140625,217.140625
YOLO,0,102,2780.828125,221.828125
YOLO,0,103,2785.515625,226.515625
YOLO,0,104,2790.203125,231.203125
YOLO,0,105,2794.890625,235.890625
YOLO,0,106,2799.578125,240.578125
YOLO,0,107,2804.265625,245.265625
YOLO,0,108,2808.953125,249.953125
YOLO,0,109,2813.640625,254.640625
YOLO,0,110,2818.328125,259.328125
YOLO,0,111,2823.015625,264.015625
YOLO,0,112,2827.703125,268.703125
YOLO,0,113,2832.390625,273.390625
YOLO,0,114,2837.078125,278.078125
YOLO,0,115,2841.765625,282.765625
YOLO,0,116,2846.453125,287.453125
YOLO,0,117,2851.140625,292.140625
YOLO,0,118,2855.828125,296.828125
YOLO,0,119,2860.515625,301.515625
YOLO,0,120,2865.203125,306.203125
YOLO,0,121,2869.890625,310.890625
YOLO,0,122,2874.578125,315.578125
YOLO,0,123,2879.265625,320.265625
YOLO,0,124,2883.953125,324.953125
YOLO,0,125,2888.640625,329.640625
YOLO,0,126,2893.328125,334.328125
YOLO,0,127,2898.015625,339.015625
YOLO,0,128,2902.703125,343.703125
YOLO,0,129,2907.390625,348.390625
YOLO,0,130,2912.078125,353.078125
YOLO,0,131,2916.765625,357.765625
YOLO,0,132,2921.453125,362.453125
YOLO,0,133,2926.140625,367.140625
YOLO,0,134,2930.828125,371.828125
YOLO,0,135,2935.515625,376.515625
YOLO,0,136,2940.203125,381.203125
YOLO,0,137,2944.890625,385.890625
YOLO,0,138,2949.578125,390.578125
YOLO,0,139,2954.265625,395.265625
YOLO,0,140,2958.953125,399.953125
YOLO,0,141,2963.640625,404.640625
YOLO,0,142,2968.328125,409.328125
YOLO,0,143,2973.015625,414.015625
YOLO,0,144,2977.703125,418.703125
YOLO,0,145,2982.390625,423.390625
YOLO,0,146,2987.078125,428.078125
YOLO,0,147,2991.765625,432.765625
YOLO,0,148,2996.453125,437.453125
YOLO,0,149,3001.140625,442.140625
YOLO,0,150,3005.828125,446.828125
YOLO,0,151,3010.515625,451.515625
YOLO,0,152,3015.203125,456.203125
YOLO,0,153,3019.890625,460.890625
YOLO,0,154,3024.578125,465.578125
YOLO,0,155,3029.265625,470.265625
YOLO,0,156,3033.953125,474.953125
YOLO,0,157,3038.640625,479.640625
YOLO,0,158,3043.328125,484.328125
YOLO,0,159,3048.015625,489.015625
YOLO,0,160,3052.703125,493.703125
YOLO,0,161,3057.390625,498.390625
YOLO,0,162,3062.046875,503.046875
YOLO,0,163,3066.75,507.75
YOLO,0,164,3071.4375,512.4375
YOLO,0,165,3076.125,517.125
YOLO,0,166,3080.8125,521.8125
YOLO,0,167,3085.5,526.5
YOLO,0,168,3090.171875,531.171875
YOLO,0,169,3094.859375,535.859375
YOLO,0,170,3099.546875,540.546875
YOLO,0,171,3104.234375,545.234375
YOLO,0,172,3108.921875,549.921875
YOLO,0,173,3113.609375,554.609375
YOLO,0,174,3118.296875,559.296875
YOLO,0,175,3122.984375,563.984375
YOLO,0,176,3127.671875,568.671875
YOLO,0,177,3132.359375,573.359375
YOLO,0,178,3137.046875,578.046875
YOLO,0,179,3141.734375,582.734375
YOLO,0,180,3146.421875,587.421875
YOLO,0,181,3151.109375,592.109375
YOLO,0,182,3155.796875,596.796875
YOLO,0,183,3160.484375,601.484375
YOLO,0,184,3165.171875,606.171875
YOLO,0,185,3169.859375,610.859375
YOLO,0,186,3174.546875,615.546875
YOLO,0,187,3179.234375,620.234375
YOLO,0,188,3183.921875,624.921875
YOLO,0,189,3188.609375,629.609375
YOLO,0,190,3193.296875,634.296875
YOLO,0,191,3198.0,639.0
YOLO,0,192,3202.6875,643.6875
YOLO,0,193,3207.375,648.375
YOLO,0,194,3212.0625,653.0625
YOLO,0,195,3216.75,657.75
YOLO,0,196,3221.4375,662.4375
YOLO,0,197,3226.125,667.125
YOLO,0,198,3230.8125,671.8125
YOLO,0,199,3235.5,676.5
YOLO,0,200,3240.1875,681.1875
YOLO,0,201,3244.875,685.875
YOLO,0,202,3249.5625,690.5625
YOLO,0,203,3254.25,695.25
YOLO,0,204,3258.9375,699.9375
YOLO,0,205,3263.625,704.625
YOLO,0,206,3268.3125,709.3125
YOLO,0,207,3273.0,714.0
YOLO,0,208,3277.6875,718.6875
YOLO,0,209,3282.375,723.375
YOLO,0,210,3287.0625,728.0625
YOLO,0,211,3291.75,732.75
YOLO,0,212,3296.4375,737.4375
YOLO,0,213,3301.125,742.125
YOLO,0,214,3305.8125,746.8125
YOLO,0,215,3310.515625,751.515625
YOLO,0,216,3315.203125,756.203125
YOLO,0,217,3319.890625,760.890625
YOLO,0,218,3324.578125,765.578125
YOLO,0,219,3329.265625,770.265625
YOLO,0,220,3333.953125,774.953125
YOLO,0,221,3334.1875,775.1875
YOLO,0,222,3338.875,779.875
YOLO,0,223,3343.5625,784.5625
YOLO,0,224,3348.25,789.25
YOLO,0,225,3352.9375,793.9375
YOLO,0,226,3357.640625,798.640625
YOLO,0,227,3362.3125,803.3125
YOLO,0,228,3208.109375,649.109375
YOLO,0,229,3192.90625,633.90625
YOLO,0,230,3141.296875,582.296875
YOLO,0,231,3145.984375,586.984375
YOLO,0,232,3090.890625,531.890625
YOLO,0,233,3056.96875,497.96875
YOLO,0,234,3061.65625,502.65625
YOLO,0,235,3066.34375,507.34375
YOLO,0,236,3071.03125,512.03125
YOLO,0,237,3075.71875,516.71875
YOLO,0,238,3080.40625,521.40625
YOLO,0,239,3085.09375,526.09375
YOLO,0,240,3089.78125,530.78125
YOLO,0,241,3094.46875,535.46875
YOLO,0,242,3045.34375,486.34375
YOLO,0,243,3050.03125,491.03125
YOLO,0,244,3054.71875,495.71875
YOLO,0,245,3059.40625,500.40625
YOLO,0,246,3064.09375,505.09375
YOLO,0,247,3068.78125,509.78125
YOLO,0,248,3073.46875,514.46875
YOLO,0,249,3078.15625,519.15625
YOLO,0,250,3082.84375,523.84375
YOLO,0,251,3069.234375,510.234375
YOLO,0,252,3040.828125,481.828125
YOLO,0,253,3045.515625,486.515625
YOLO,0,254,3030.703125,471.703125
YOLO,0,255,3035.390625,476.390625
YOLO,0,256,3040.078125,481.078125
YOLO,0,257,3044.765625,485.765625
YOLO,0,258,3049.4375,490.4375
YOLO,0,259,3054.109375,495.109375
YOLO,0,260,3058.796875,499.796875
YOLO,0,261,3063.484375,504.484375
YOLO,0,262,3068.171875,509.171875
YOLO,0,263,3072.859375,513.859375
YOLO,0,264,3077.546875,518.546875
YOLO,0,265,3082.234375,523.234375
YOLO,0,266,3086.921875,527.921875
YOLO,0,267,3091.609375,532.609375
YOLO,0,268,3096.296875,537.296875
YOLO,0,269,3100.984375,541.984375
YOLO,0,270,3105.671875,546.671875
YOLO,0,271,3110.359375,551.359375
YOLO,0,272,3115.046875,556.046875
YOLO,0,273,3119.734375,560.734375
YOLO,0,274,3124.421875,565.421875
YOLO,0,275,3129.109375,570.109375
YOLO,0,276,3133.796875,574.796875
YOLO,0,277,3138.484375,579.484375
YOLO,0,278,3143.171875,584.171875
YOLO,0,279,3147.859375,588.859375
YOLO,0,280,3152.546875,593.546875
YOLO,0,281,3157.234375,598.234375
YOLO,0,282,3161.921875,602.921875
YOLO,0,283,3166.609375,607.609375
YOLO,0,284,3171.28125,612.28125
YOLO,0,285,3175.96875,616.96875
YOLO,0,286,3172.984375,613.984375
YOLO,0,287,3168.65625,609.65625
YOLO,0,288,3171.234375,612.234375
YOLO,0,289,3175.90625,616.90625
YOLO,0,290,3180.609375,621.609375
YOLO,0,291,3185.28125,626.28125
YOLO,0,292,3189.953125,630.953125
YOLO,0,293,3194.640625,635.640625
YOLO,0,294,3199.328125,640.328125
YOLO,0,295,3195.34375,636.34375
YOLO,0,296,3200.03125,641.03125
YOLO,0,297,3204.71875,645.71875
YOLO,0,298,3209.40625,650.40625
YOLO,0,299,3214.078125,655.078125
YOLO,1,0,3214.1875,655.1875
YOLO,1,1,3214.1875,655.1875
YOLO,1,2,3214.1875,655.1875
YOLO,1,3,3214.1875,655.1875
YOLO,1,4,3214.1875,655.1875
YOLO,1,5,3214.1875,655.1875
YOLO,1,6,3214.1875,655.1875
YOLO,1,7,3214.1875,655.1875
YOLO,1,8,3214.1875,655.1875
YOLO,1,9,3214.1875,655.1875
YOLO,1,10,3214.1875,655.1875
YOLO,1,11,3214.1875,655.1875
YOLO,1,12,3214.1875,655.1875
YOLO,1,13,3214.1875,655.1875
YOLO,1,14,3214.1875,655.1875
YOLO,1,15,3214.1875,655.1875
YOLO,1,16,3214.1875,655.1875
YOLO,1,17,3214.1875,655.1875
YOLO,1,18,3214.1875,655.1875
YOLO,1,19,3214.1875,655.1875
YOLO,1,20,3214.1875,655.1875
YOLO,1,21,3214.1875,655.1875
YOLO,1,22,3214.1875,655.1875
YOLO,1,23,3214.1875,655.1875
YOLO,1,24,3214.1875,655.1875
YOLO,1,25,3214.1875,655.1875
YOLO,1,26,3214.1875,655.1875
YOLO,1,27,3214.1875,655.1875
YOLO,1,28,3214.1875,655.1875
YOLO,1,29,3214.1875,655.1875
YOLO,1,30,3214.1875,655.1875
YOLO,1,31,3214.1875,655.1875
YOLO,1,32,3214.1875,655.1875
YOLO,1,33,3214.1875,655.1875
YOLO,1,34,3214.1875,655.1875
YOLO,1,35,3214.1875,655.1875
YOLO,1,36,3214.203125,655.203125
YOLO,1,37,3214.203125,655.203125
YOLO,1,38,3214.203125,655.203125
YOLO,1,39,3214.203125,655.203125
YOLO,1,40,3214.203125,655.203125
YOLO,1,41,3214.203125,655.203125
YOLO,1,42,3214.203125,655.203125
YOLO,1,43,3214.203125,655.203125
YOLO,1,44,3214.203125,655.203125
YOLO,1,45,3214.203125,655.203125
YOLO,1,46,3214.203125,655.203125
YOLO,1,47,3214.203125,655.203125
YOLO,1,48,3214.203125,655.203125
YOLO,1,49,3214.203125,655.203125
YOLO,1,50,3214.203125,655.203125
YOLO,1,51,3214.203125,655.203125
YOLO,1,52,3214.203125,655.203125
YOLO,1,53,3214.21875,655.21875
YOLO,1,54,3214.21875,655.21875
YOLO,1,55,3214.21875,655.21875
YOLO,1,56,3214.21875,655.21875
YOLO,1,57,3214.21875,655.21875
YOLO,1,58,3214.21875,655.21875
YOLO,1,59,3214.21875,655.21875
YOLO,1,60,3214.21875,655.21875
YOLO,1,61,3214.21875,655.21875
YOLO,1,62,3214.21875,655.21875
YOLO,1,63,3214.21875,655.21875
YOLO,1,64,3214.21875,655.21875
YOLO,1,65,3214.21875,655.21875
YOLO,1,66,3214.21875,655.21875
YOLO,1,67,3214.21875,655.21875
YOLO,1,68,3214.21875,655.21875
YOLO,1,69,3214.21875,655.21875
YOLO,1,70,3214.21875,655.21875
YOLO,1,71,3214.234375,655.234375
YOLO,1,72,3214.234375,655.234375
YOLO,1,73,3214.234375,655.234375
YOLO,1,74,3214.234375,655.234375
YOLO,1,75,3214.234375,655.234375
YOLO,1,76,3214.234375,655.234375
YOLO,1,77,3214.234375,655.234375
YOLO,1,78,3214.234375,655.234375
YOLO,1,79,3214.234375,655.234375
YOLO,1,80,3214.234375,655.234375
YOLO,1,81,3214.234375,655.234375
YOLO,1,82,3214.234375,655.234375
YOLO,1,83,3214.234375,655.234375
YOLO,1,84,3214.234375,655.234375
YOLO,1,85,3214.234375,655.234375
YOLO,1,86,3214.234375,655.234375
YOLO,1,87,3214.234375,655.234375
YOLO,1,88,3214.234375,655.234375
YOLO,1,89,3214.234375,655.234375
YOLO,1,90,3214.234375,655.234375
YOLO,1,91,3214.234375,655.234375
YOLO,1,92,3214.234375,655.234375
YOLO,1,93,3214.234375,655.234375
YOLO,1,94,3214.234375,655.234375
YOLO,1,95,3214.234375,655.234375
YOLO,1,96,3214.234375,655.234375
YOLO,1,97,3214.234375,655.234375
YOLO,1,98,3214.234375,655.234375
YOLO,1,99,3214.234375,655.234375
YOLO,1,100,3214.234375,655.234375
YOLO,1,101,3214.25,655.25
YOLO,1,102,3214.25,655.25
YOLO,1,103,3214.25,655.25
YOLO,1,104,3214.25,655.25
YOLO,1,105,3214.25,655.25
YOLO,1,106,3214.25,655.25
YOLO,1,107,3214.25,655.25
YOLO,1,108,3214.25,655.25
YOLO,1,109,3214.25,655.25
YOLO,1,110,3214.25,655.25
YOLO,1,111,3214.25,655.25
YOLO,1,112,3214.25,655.25
YOLO,1,113,3214.25,655.25
YOLO,1,114,3214.25,655.25
YOLO,1,115,3214.25,655.25
YOLO,1,116,3214.25,655.25
YOLO,1,117,3214.265625,655.265625
YOLO,1,118,3214.265625,655.265625
YOLO,1,119,3214.265625,655.265625
YOLO,1,120,3214.265625,655.265625
YOLO,1,121,3214.265625,655.265625
YOLO,1,122,3214.265625,655.265625
YOLO,1,123,3214.265625,655.265625
YOLO,1,124,3214.265625,655.265625
YOLO,1,125,3214.265625,655.265625
YOLO,1,126,3214.265625,655.265625
YOLO,1,127,3214.265625,655.265625
YOLO,1,128,3214.265625,655.265625
YOLO,1,129,3214.265625,655.265625
YOLO,1,130,3214.265625,655.265625
YOLO,1,131,3214.265625,655.265625
YOLO,1,132,3214.265625,655.265625
YOLO,1,133,3214.265625,655.265625
YOLO,1,134,3214.265625,655.265625
YOLO,1,135,3214.265625,655.265625
YOLO,1,136,3214.265625,655.265625
YOLO,1,137,3214.265625,655.265625
YOLO,1,138,3214.265625,655.265625
YOLO,1,139,3214.28125,655.28125
YOLO,1,140,3214.28125,655.28125
YOLO,1,141,3214.28125,655.28125
YOLO,1,142,3214.28125,655.28125
YOLO,1,143,3214.28125,655.28125
YOLO,1,144,3214.28125,655.28125
YOLO,1,145,3214.28125,655.28125
YOLO,1,146,3214.28125,655.28125
YOLO,1,147,3214.28125,655.28125
YOLO,1,148,3214.28125,655.28125
YOLO,1,149,3214.28125,655.28125
YOLO,1,150,3214.28125,655.28125
YOLO,1,151,3214.28125,655.28125
YOLO,1,152,3214.28125,655.28125
YOLO,1,153,3214.28125,655.28125
YOLO,1,154,3214.28125,655.28125
YOLO,1,155,3214.28125,655.28125
YOLO,1,156,3214.28125,655.28125
YOLO,1,157,3214.28125,655.28125
YOLO,1,158,3214.28125,655.28125
YOLO,1,159,3214.28125,655.28125
YOLO,1,160,3214.28125,655.28125
YOLO,1,161,3214.28125,655.28125
YOLO,1,162,3214.28125,655.28125
YOLO,1,163,3214.28125,655.28125
YOLO,1,164,3214.28125,655.28125
YOLO,1,165,3214.28125,655.28125
YOLO,1,166,3214.28125,655.28125
YOLO,1,167,3214.28125,655.28125
YOLO,1,168,3214.28125,655.28125
YOLO,1,169,3214.28125,655.28125
YOLO,1,170,3214.28125,655.28125
YOLO,1,171,3214.28125,655.28125
YOLO,1,172,3214.28125,655.28125
YOLO,1,173,3214.28125,655.28125
YOLO,1,174,3214.28125,655.28125
YOLO,1,175,3214.28125,655.28125
YOLO,1,176,3214.28125,655.28125
YOLO,1,177,3214.28125,655.28125
YOLO,1,178,3214.28125,655.28125
YOLO,1,179,3214.28125,655.28125
YOLO,1,180,3214.296875,655.296875
YOLO,1,181,3214.296875,655.296875
YOLO,1,182,3214.296875,655.296875
YOLO,1,183,3214.296875,655.296875
YOLO,1,184,3214.296875,655.296875
YOLO,1,185,3214.296875,655.296875
YOLO,1,186,3214.296875,655.296875
YOLO,1,187,3214.296875,655.296875
YOLO,1,188,3214.296875,655.296875
YOLO,1,189,3214.296875,655.296875
YOLO,1,190,3214.296875,655.296875
YOLO,1,191,3214.296875,655.296875
YOLO,1,192,3214.296875,655.296875
YOLO,1,193,3214.296875,655.296875
YOLO,1,194,3214.296875,655.296875
YOLO,1,195,3214.296875,655.296875
YOLO,1,196,3214.296875,655.296875
YOLO,1,197,3214.296875,655.296875
YOLO,1,198,3214.296875,655.296875
YOLO,1,199,3214.296875,655.296875
YOLO,1,200,3214.296875,655.296875
YOLO,1,201,3214.296875,655.296875
YOLO,1,202,3214.296875,655.296875
YOLO,1,203,3214.296875,655.296875
YOLO,1,204,3214.296875,655.296875
YOLO,1,205,3214.296875,655.296875
YOLO,1,206,3214.296875,655.296875
YOLO,1,207,3214.296875,655.296875
YOLO,1,208,3214.296875,655.296875
YOLO,1,209,3214.296875,655.296875
YOLO,1,210,3214.296875,655.296875
YOLO,1,211,3214.296875,655.296875
YOLO,1,212,3214.296875,655.296875
YOLO,1,213,3214.296875,655.296875
YOLO,1,214,3214.296875,655.296875
YOLO,1,215,3214.296875,655.296875
YOLO,1,216,3214.296875,655.296875
YOLO,1,217,3214.296875,655.296875
YOLO,1,218,3214.296875,655.296875
YOLO,1,219,3214.296875,655.296875
YOLO,1,220,3214.296875,655.296875
YOLO,1,221,3214.296875,655.296875
YOLO,1,222,3214.296875,655.296875
YOLO,1,223,3214.296875,655.296875
YOLO,1,224,3214.296875,655.296875
YOLO,1,225,3214.296875,655.296875
YOLO,1,226,3214.296875,655.296875
YOLO,1,227,3214.296875,655.296875
YOLO,1,228,3214.296875,655.296875
YOLO,1,229,3214.296875,655.296875
YOLO,1,230,3214.296875,655.296875
YOLO,1,231,3214.296875,655.296875
YOLO,1,232,3211.15625,652.15625
YOLO,1,233,3211.15625,652.15625
YOLO,1,234,3179.09375,620.09375
YOLO,1,235,3179.09375,620.09375
YOLO,1,236,3179.09375,620.09375
YOLO,1,237,3179.09375,620.09375
YOLO,1,238,3147.734375,588.734375
YOLO,1,239,3147.734375,588.734375
YOLO,1,240,3102.59375,543.59375
YOLO,1,241,3102.609375,543.609375
YOLO,1,242,3102.609375,543.609375
YOLO,1,243,3096.03125,537.03125
YOLO,1,244,3096.046875,537.046875
YOLO,1,245,3096.046875,537.046875
YOLO,1,246,3096.046875,537.046875
YOLO,1,247,3096.046875,537.046875
YOLO,1,248,3096.046875,537.046875
YOLO,1,249,3096.046875,537.046875
YOLO,1,250,3095.359375,536.359375
YOLO,1,251,3067.765625,508.765625
YOLO,1,252,3039.734375,480.734375
YOLO,1,253,3039.734375,480.734375
YOLO,1,254,3039.734375,480.734375
YOLO,1,255,3039.734375,480.734375
YOLO,1,256,3039.734375,480.734375
YOLO,1,257,3039.734375,480.734375
YOLO,1,258,3039.734375,480.734375
YOLO,1,259,3025.140625,466.140625
YOLO,1,260,3025.140625,466.140625
YOLO,1,261,3025.140625,466.140625
YOLO,1,262,3025.140625,466.140625
YOLO,1,263,3025.140625,466.140625
YOLO,1,264,2991.59375,432.59375
YOLO,1,265,2991.59375,432.59375
YOLO,1,266,2991.59375,432.59375
YOLO,1,267,2991.609375,432.609375
YOLO,1,268,2991.609375,432.609375
YOLO,1,269,2991.609375,432.609375
YOLO,1,270,2991.609375,432.609375
YOLO,1,271,2991.609375,432.609375
YOLO,1,272,2991.609375,432.609375
YOLO,1,273,2991.609375,432.609375
YOLO,1,274,2991.609375,432.609375
YOLO,1,275,2991.609375,432.609375
YOLO,1,276,2991.609375,432.609375
YOLO,1,277,2991.609375,432.609375
YOLO,1,278,2991.609375,432.609375
YOLO,1,279,2991.609375,432.609375
YOLO,1,280,2991.609375,432.609375
YOLO,1,281,2991.609375,432.609375
YOLO,1,282,2991.609375,432.609375
YOLO,1,283,2991.609375,432.609375
YOLO,1,284,2991.609375,432.609375
YOLO,1,285,2991.609375,432.609375
YOLO,1,286,2991.609375,432.609375
YOLO,1,287,2991.609375,432.609375
YOLO,1,288,2991.609375,432.609375
YOLO,1,289,2991.609375,432.609375
YOLO,1,290,2991.609375,432.609375
YOLO,1,291,2991.609375,432.609375
YOLO,1,292,2991.609375,432.609375
YOLO,1,293,2991.609375,432.609375
YOLO,1,294,2991.609375,432.609375
YOLO,1,295,2991.609375,432.609375
YOLO,1,296,2991.609375,432.609375
YOLO,1,297,2991.609375,432.609375
YOLO,1,298,2991.609375,432.609375
YOLO,1,299,2991.609375,432.609375
YOLO,2,0,2991.609375,432.609375
YOLO,2,1,2977.625,418.625
YOLO,2,2,2969.859375,410.859375
YOLO,2,3,2969.859375,410.859375
YOLO,2,4,2969.859375,410.859375
YOLO,2,5,2969.859375,410.859375
YOLO,2,6,2969.859375,410.859375
YOLO,2,7,2969.875,410.875
YOLO,2,8,2969.875,410.875
YOLO,2,9,2969.875,410.875
YOLO,2,10,2969.875,410.875
YOLO,2,11,2969.875,410.875
YOLO,2,12,2969.875,410.875
YOLO,2,13,2969.875,410.875
YOLO,2,14,2969.875,410.875
YOLO,2,15,2969.875,410.875
YOLO,2,16,2937.859375,378.859375
YOLO,2,17,2937.859375,378.859375
YOLO,2,18,2937.859375,378.859375
YOLO,2,19,2937.859375,378.859375
YOLO,2,20,2937.859375,378.859375
YOLO,2,21,2937.859375,378.859375
YOLO,2,22,2937.859375,378.859375
YOLO,2,23,2937.859375,378.859375
YOLO,2,24,2937.859375,378.859375
YOLO,2,25,2937.859375,378.859375
YOLO,2,26,2937.859375,378.859375
YOLO,2,27,2937.859375,378.859375
YOLO,2,28,2937.859375,378.859375
YOLO,2,29,2937.859375,378.859375
YOLO,2,30,2937.859375,378.859375
YOLO,2,31,2937.859375,378.859375
YOLO,2,32,2937.859375,378.859375
YOLO,2,33,2937.859375,378.859375
YOLO,2,34,2937.859375,378.859375
YOLO,2,35,2937.859375,378.859375
YOLO,2,36,2937.859375,378.859375
YOLO,2,37,2937.859375,378.859375
YOLO,2,38,2937.859375,378.859375
YOLO,2,39,2937.859375,378.859375
YOLO,2,40,2937.859375,378.859375
YOLO,2,41,2937.859375,378.859375
YOLO,2,42,2937.859375,378.859375
YOLO,2,43,2937.859375,378.859375
YOLO,2,44,2937.859375,378.859375
YOLO,2,45,2937.859375,378.859375
YOLO,2,46,2937.859375,378.859375
YOLO,2,47,2937.859375,378.859375
YOLO,2,48,2937.859375,378.859375
YOLO,2,49,2937.859375,378.859375
YOLO,2,50,2937.859375,378.859375
YOLO,2,51,2937.859375,378.859375
YOLO,2,52,2937.859375,378.859375
YOLO,2,53,2937.859375,378.859375
YOLO,2,54,2937.859375,378.859375
YOLO,2,55,2937.859375,378.859375
YOLO,2,56,2937.859375,378.859375
YOLO,2,57,2937.859375,378.859375
YOLO,2,58,2937.859375,378.859375
YOLO,2,59,2937.859375,378.859375
YOLO,2,60,2936.96875,377.96875
YOLO,2,61,2936.96875,377.96875
YOLO,2,62,2936.96875,377.96875
YOLO,2,63,2936.96875,377.96875
YOLO,2,64,2936.96875,377.96875
YOLO,2,65,2936.96875,377.96875
YOLO,2,66,2936.96875,377.96875
YOLO,2,67,2936.96875,377.96875
YOLO,2,68,2936.96875,377.96875
YOLO,2,69,2936.96875,377.96875
YOLO,2,70,2936.96875,377.96875
YOLO,2,71,2936.984375,377.984375
YOLO,2,72,2936.984375,377.984375
YOLO,2,73,2936.984375,377.984375
YOLO,2,74,2936.984375,377.984375
YOLO,2,75,2936.984375,377.984375
YOLO,2,76,2936.984375,377.984375
YOLO,2,77,2936.984375,377.984375
YOLO,2,78,2936.984375,377.984375
YOLO,2,79,2936.984375,377.984375
YOLO,2,80,2936.984375,377.984375
YOLO,2,81,2936.984375,377.984375
YOLO,2,82,2936.984375,377.984375
YOLO,2,83,2936.984375,377.984375
YOLO,2,84,2936.984375,377.984375
YOLO,2,85,2936.984375,377.984375
YOLO,2,86,2936.984375,377.984375
YOLO,2,87,2936.984375,377.984375
YOLO,2,88,2936.984375,377.984375
YOLO,2,89,2936.984375,377.984375
YOLO,2,90,2936.984375,377.984375
YOLO,2,91,2937.0,378.0
YOLO,2,92,2937.0,378.0
YOLO,2,93,2937.0,378.0
YOLO,2,94,2937.0,378.0
YOLO,2,95,2937.0,378.0
YOLO,2,96,2937.0,378.0
YOLO,2,97,2937.015625,378.015625
YOLO,2,98,2937.015625,378.015625
YOLO,2,99,2937.015625,378.015625
YOLO,2,100,2937.015625,378.015625
YOLO,2,101,2937.015625,378.015625
YOLO,2,102,2937.015625,378.015625
YOLO,2,103,2937.015625,378.015625
YOLO,2,104,2937.015625,378.015625
YOLO,2,105,2937.015625,378.015625
YOLO,2,106,2937.015625,378.015625
YOLO,2,107,2937.015625,378.015625
YOLO,2,108,2937.015625,378.015625
YOLO,2,109,2937.015625,378.015625
YOLO,2,110,2937.015625,378.015625
YOLO,2,111,2937.015625,378.015625
YOLO,2,112,2937.015625,378.015625
YOLO,2,113,2937.015625,378.015625
YOLO,2,114,2937.015625,378.015625
YOLO,2,115,2937.015625,378.015625
YOLO,2,116,2937.015625,378.015625
YOLO,2,117,2937.015625,378.015625
YOLO,2,118,2937.015625,378.015625
YOLO,2,119,2937.015625,378.015625
YOLO,2,120,2937.015625,378.015625
YOLO,2,121,2937.015625,378.015625
YOLO,2,122,2937.015625,378.015625
YOLO,2,123,2937.015625,378.015625
YOLO,2,124,2937.015625,378.015625
YOLO,2,125,2937.015625,378.015625
YOLO,2,126,2937.015625,378.015625
YOLO,2,127,2937.015625,378.015625
YOLO,2,128,2937.015625,378.015625
YOLO,2,129,2937.015625,378.015625
YOLO,2,130,2937.015625,378.015625
YOLO,2,131,2937.015625,378.015625
YOLO,2,132,2937.015625,378.015625
YOLO,2,133,2937.015625,378.015625
YOLO,2,134,2937.03125,378.03125
YOLO,2,135,2937.03125,378.03125
YOLO,2,136,2937.03125,378.03125
YOLO,2,137,2937.03125,378.03125
YOLO,2,138,2937.03125,378.03125
YOLO,2,139,2937.03125,378.03125
YOLO,2,140,2937.03125,378.03125
YOLO,2,141,2937.03125,378.03125
YOLO,2,142,2937.03125,378.03125
YOLO,2,143,2937.03125,378.03125
YOLO,2,144,2937.03125,378.03125
YOLO,2,145,2937.03125,378.03125
YOLO,2,146,2937.03125,378.03125
YOLO,2,147,2937.03125,378.03125
YOLO,2,148,2937.03125,378.03125
YOLO,2,149,2937.03125,378.03125
YOLO,2,150,2937.03125,378.03125
YOLO,2,151,2937.03125,378.03125
YOLO,2,152,2937.03125,378.03125
YOLO,2,153,2937.03125,378.03125
YOLO,2,154,2937.03125,378.03125
YOLO,2,155,2937.03125,378.03125
YOLO,2,156,2937.03125,378.03125
YOLO,2,157,2937.03125,378.03125
YOLO,2,158,2937.03125,378.03125
YOLO,2,159,2937.03125,378.03125
YOLO,2,160,2937.03125,378.03125
YOLO,2,161,2937.03125,378.03125
YOLO,2,162,2937.03125,378.03125
YOLO,2,163,2937.03125,378.03125
YOLO,2,164,2937.03125,378.03125
YOLO,2,165,2937.03125,378.03125
YOLO,2,166,2937.03125,378.03125
YOLO,2,167,2937.03125,378.03125
YOLO,2,168,2937.03125,378.03125
YOLO,2,169,2937.03125,378.03125
YOLO,2,170,2937.03125,378.03125
YOLO,2,171,2937.03125,378.03125
YOLO,2,172,2937.03125,378.03125
YOLO,2,173,2937.03125,378.03125
YOLO,2,174,2937.03125,378.03125
YOLO,2,175,2937.03125,378.03125
YOLO,2,176,2937.03125,378.03125
YOLO,2,177,2937.03125,378.03125
YOLO,2,178,2937.03125,378.03125
YOLO,2,179,2937.03125,378.03125
YOLO,2,180,2937.03125,378.03125
YOLO,2,181,2937.03125,378.03125
YOLO,2,182,2937.03125,378.03125
YOLO,2,183,2937.03125,378.03125
YOLO,2,184,2937.03125,378.03125
YOLO,2,185,2937.03125,378.03125
YOLO,2,186,2937.03125,378.03125
YOLO,2,187,2937.03125,378.03125
YOLO,2,188,2937.03125,378.03125
YOLO,2,189,2937.03125,378.03125
YOLO,2,190,2937.03125,378.03125
YOLO,2,191,2937.03125,378.03125
YOLO,2,192,2937.03125,378.03125
YOLO,2,193,2937.03125,378.03125
YOLO,2,194,2937.03125,378.03125
YOLO,2,195,2937.03125,378.03125
YOLO,2,196,2937.03125,378.03125
YOLO,2,197,2937.03125,378.03125
YOLO,2,198,2937.046875,378.046875
YOLO,2,199,2937.046875,378.046875
YOLO,2,200,2937.046875,378.046875
YOLO,2,201,2937.046875,378.046875
YOLO,2,202,2937.046875,378.046875
YOLO,2,203,2937.046875,378.046875
YOLO,2,204,2937.046875,378.046875
YOLO,2,205,2937.046875,378.046875
YOLO,2,206,2937.046875,378.046875
YOLO,2,207,2937.046875,378.046875
YOLO,2,208,2937.046875,378.046875
YOLO,2,209,2937.046875,378.046875
YOLO,2,210,2937.046875,378.046875
YOLO,2,211,2937.046875,378.046875
YOLO,2,212,2937.046875,378.046875
YOLO,2,213,2937.046875,378.046875
YOLO,2,214,2937.046875,378.046875
YOLO,2,215,2937.046875,378.046875
YOLO,2,216,2937.046875,378.046875
YOLO,2,217,2937.046875,378.046875
YOLO,2,218,2937.046875,378.046875
YOLO,2,219,2937.0625,378.0625
YOLO,2,220,2937.0625,378.0625
YOLO,2,221,2937.0625,378.0625
YOLO,2,222,2937.0625,378.0625
YOLO,2,223,2937.0625,378.0625
YOLO,2,224,2937.0625,378.0625
YOLO,2,225,2937.0625,378.0625
YOLO,2,226,2937.0625,378.0625
YOLO,2,227,2937.0625,378.0625
YOLO,2,228,2937.0625,378.0625
YOLO,2,229,2937.0625,378.0625
YOLO,2,230,2937.0625,378.0625
YOLO,2,231,2937.0625,378.0625
YOLO,2,232,2937.0625,378.0625
YOLO,2,233,2937.0625,378.0625
YOLO,2,234,2937.0625,378.0625
YOLO,2,235,2937.0625,378.0625
YOLO,2,236,2937.0625,378.0625
YOLO,2,237,2937.0625,378.0625
YOLO,2,238,2937.0625,378.0625
YOLO,2,239,2937.0625,378.0625
YOLO,2,240,2937.0625,378.0625
YOLO,2,241,2937.0625,378.0625
YOLO,2,242,2937.0625,378.0625
YOLO,2,243,2937.0625,378.0625
YOLO,2,244,2937.0625,378.0625
YOLO,2,245,2937.0625,378.0625
YOLO,2,246,2937.0625,378.0625
YOLO,2,247,2937.0625,378.0625
YOLO,2,248,2937.0625,378.0625
YOLO,2,249,2937.0625,378.0625
YOLO,2,250,2937.0625,378.0625
YOLO,2,251,2937.0625,378.0625
YOLO,2,252,2937.0625,378.0625
YOLO,2,253,2937.0625,378.0625
YOLO,2,254,2937.0625,378.0625
YOLO,2,255,2937.0625,378.0625
YOLO,2,256,2902.953125,343.953125
YOLO,2,257,2902.953125,343.953125
YOLO,2,258,2902.953125,343.953125
YOLO,2,259,2902.953125,343.953125
YOLO,2,260,2902.953125,343.953125
YOLO,2,261,2902.984375,343.984375
YOLO,2,262,2902.984375,343.984375
YOLO,2,263,2902.984375,343.984375
YOLO,2,264,2903.0,344.0
YOLO,2,265,2903.0,344.0
YOLO,2,266,2903.0,344.0
YOLO,2,267,2903.0,344.0
YOLO,2,268,2903.0,344.0
YOLO,2,269,2903.0,344.0
YOLO,2,270,2903.0,344.0
YOLO,2,271,2903.0,344.0
YOLO,2,272,2903.0,344.0
YOLO,2,273,2903.0,344.0
YOLO,2,274,2903.0,344.0
YOLO,2,275,2903.0,344.0
YOLO,2,276,2903.0,344.0
YOLO,2,277,2903.0,344.0
YOLO,2,278,2903.0,344.0
YOLO,2,279,2903.0,344.0
YOLO,2,280,2903.0,344.0
YOLO,2,281,2903.0,344.0
YOLO,2,282,2903.0,344.0
YOLO,2,283,2903.0,344.0
YOLO,2,284,2903.0,344.0
YOLO,2,285,2903.0,344.0
YOLO,2,286,2903.0,344.0
YOLO,2,287,2903.0,344.0
YOLO,2,288,2903.0,344.0
YOLO,2,289,2903.0,344.0
YOLO,2,290,2903.0,344.0
YOLO,2,291,2903.0,344.0
YOLO,2,292,2903.0,344.0
YOLO,2,293,2903.0,344.0
YOLO,2,294,2903.0,344.0
YOLO,2,295,2903.0,344.0
YOLO,2,296,2903.0,344.0
YOLO,2,297,2903.0,344.0
YOLO,2,298,2903.0,344.0
YOLO,2,299,2903.0,344.0
YOLO,3,0,2903.0,344.0
YOLO,3,1,2903.0,344.0
YOLO,3,2,2903.0,344.0
YOLO,3,3,2903.0,344.0
YOLO,3,4,2903.0,344.0
YOLO,3,5,2903.0,344.0
YOLO,3,6,2903.0,344.0
YOLO,3,7,2903.0,344.0
YOLO,3,8,2903.0,344.0
YOLO,3,9,2903.0,344.0
YOLO,3,10,2903.0,344.0
YOLO,3,11,2903.0,344.0
YOLO,3,12,2903.0,344.0
YOLO,3,13,2903.0,344.0
YOLO,3,14,2903.0,344.0
YOLO,3,15,2903.0,344.0
YOLO,3,16,2903.0,344.0
YOLO,3,17,2903.0,344.0
YOLO,3,18,2903.0,344.0
YOLO,3,19,2903.0,344.0
YOLO,3,20,2903.0,344.0
YOLO,3,21,2903.0,344.0
YOLO,3,22,2903.0,344.0
YOLO,3,23,2903.0,344.0
YOLO,3,24,2903.0,344.0
YOLO,3,25,2903.015625,344.015625
YOLO,3,26,2903.015625,344.015625
YOLO,3,27,2903.015625,344.015625
YOLO,3,28,2903.015625,344.015625
YOLO,3,29,2903.015625,344.015625
YOLO,3,30,2903.015625,344.015625
YOLO,3,31,2903.015625,344.015625
YOLO,3,32,2903.015625,344.015625
YOLO,3,33,2903.015625,344.015625
YOLO,3,34,2903.015625,344.015625
YOLO,3,35,2903.015625,344.015625
YOLO,3,36,2903.015625,344.015625
YOLO,3,37,2903.015625,344.015625
YOLO,3,38,2903.015625,344.015625
YOLO,3,39,2903.015625,344.015625
YOLO,3,40,2903.015625,344.015625
YOLO,3,41,2903.015625,344.015625
YOLO,3,42,2903.015625,344.015625
YOLO,3,43,2903.015625,344.015625
YOLO,3,44,2903.015625,344.015625
YOLO,3,45,2903.015625,344.015625
YOLO,3,46,2903.015625,344.015625
YOLO,3,47,2903.015625,344.015625
YOLO,3,48,2903.015625,344.015625
YOLO,3,49,2903.015625,344.015625
YOLO,3,50,2903.015625,344.015625
YOLO,3,51,2903.015625,344.015625
YOLO,3,52,2903.015625,344.015625
YOLO,3,53,2903.015625,344.015625
YOLO,3,54,2903.03125,344.03125
YOLO,3,55,2903.03125,344.03125
YOLO,3,56,2903.03125,344.03125
YOLO,3,57,2903.03125,344.03125
YOLO,3,58,2903.03125,344.03125
YOLO,3,59,2903.03125,344.03125
YOLO,3,60,2903.03125,344.03125
YOLO,3,61,2903.03125,344.03125
YOLO,3,62,2903.03125,344.03125
YOLO,3,63,2903.03125,344.03125
YOLO,3,64,2903.03125,344.03125
YOLO,3,65,2903.03125,344.03125
YOLO,3,66,2903.03125,344.03125
YOLO,3,67,2903.03125,344.03125
YOLO,3,68,2903.03125,344.03125
YOLO,3,69,2903.03125,344.03125
YOLO,3,70,2903.03125,344.03125
YOLO,3,71,2903.03125,344.03125
YOLO,3,72,2903.03125,344.03125
YOLO,3,73,2903.0625,344.0625
YOLO,3,74,2903.0625,344.0625
YOLO,3,75,2903.0625,344.0625
YOLO,3,76,2903.0625,344.0625
YOLO,3,77,2903.0625,344.0625
YOLO,3,78,2903.0625,344.0625
YOLO,3,79,2903.0625,344.0625
YOLO,3,80,2903.0625,344.0625
YOLO,3,81,2903.0625,344.0625
YOLO,3,82,2903.0625,344.0625
YOLO,3,83,2903.0625,344.0625
YOLO,3,84,2903.0625,344.0625
YOLO,3,85,2903.0625,344.0625
YOLO,3,86,2903.0625,344.0625
YOLO,3,87,2903.0625,344.0625
YOLO,3,88,2903.078125,344.078125
YOLO,3,89,2903.078125,344.078125
YOLO,3,90,2903.078125,344.078125
YOLO,3,91,2903.078125,344.078125
YOLO,3,92,2903.078125,344.078125
YOLO,3,93,2903.078125,344.078125
YOLO,3,94,2903.078125,344.078125
YOLO,3,95,2903.078125,344.078125
YOLO,3,96,2903.078125,344.078125
YOLO,3,97,2903.078125,344.078125
YOLO,3,98,2903.078125,344.078125
YOLO,3,99,2903.078125,344.078125
YOLO,3,100,2903.078125,344.078125
YOLO,3,101,2903.078125,344.078125
YOLO,3,102,2903.078125,344.078125
YOLO,3,103,2903.078125,344.078125
YOLO,3,104,2903.078125,344.078125
YOLO,3,105,2903.078125,344.078125
YOLO,3,106,2903.078125,344.078125
YOLO,3,107,2903.078125,344.078125
YOLO,3,108,2903.078125,344.078125
YOLO,3,109,2903.078125,344.078125
YOLO,3,110,2903.078125,344.078125
YOLO,3,111,2903.078125,344.078125
YOLO,3,112,2903.078125,344.078125
YOLO,3,113,2903.078125,344.078125
YOLO,3,114,2903.078125,344.078125
YOLO,3,115,2903.078125,344.078125
YOLO,3,116,2903.078125,344.078125
YOLO,3,117,2903.078125,344.078125
YOLO,3,118,2903.078125,344.078125
YOLO,3,119,2903.078125,344.078125
YOLO,3,120,2903.078125,344.078125
YOLO,3,121,2903.078125,344.078125
YOLO,3,122,2903.09375,344.09375
YOLO,3,123,2903.09375,344.09375
YOLO,3,124,2903.09375,344.09375
YOLO,3,125,2903.09375,344.09375
YOLO,3,126,2903.09375,344.09375
YOLO,3,127,2903.09375,344.09375
YOLO,3,128,2903.09375,344.09375
YOLO,3,129,2903.09375,344.09375
YOLO,3,130,2903.09375,344.09375
YOLO,3,131,2903.09375,344.09375
YOLO,3,132,2903.09375,344.09375
YOLO,3,133,2903.09375,344.09375
YOLO,3,134,2903.09375,344.09375
YOLO,3,135,2903.09375,344.09375
YOLO,3,136,2903.09375,344.09375
YOLO,3,137,2903.09375,344.09375
YOLO,3,138,2903.09375,344.09375
YOLO,3,139,2903.09375,344.09375
YOLO,3,140,2903.09375,344.09375
YOLO,3,141,2903.09375,344.09375
YOLO,3,142,2903.09375,344.09375
YOLO,3,143,2903.09375,344.09375
YOLO,3,144,2903.09375,344.09375
YOLO,3,145,2903.09375,344.09375
YOLO,3,146,2903.09375,344.09375
YOLO,3,147,2903.09375,344.09375
YOLO,3,148,2903.09375,344.09375
YOLO,3,149,2903.09375,344.09375
YOLO,3,150,2903.09375,344.09375
YOLO,3,151,2903.09375,344.09375
YOLO,3,152,2903.109375,344.109375
YOLO,3,153,2903.109375,344.109375
YOLO,3,154,2903.109375,344.109375
YOLO,3,155,2903.109375,344.109375
YOLO,3,156,2903.109375,344.109375
YOLO,3,157,2903.109375,344.109375
YOLO,3,158,2903.109375,344.109375
YOLO,3,159,2903.109375,344.109375
YOLO,3,160,2903.109375,344.109375
YOLO,3,161,2903.109375,344.109375
YOLO,3,162,2903.109375,344.109375
YOLO,3,163,2903.109375,344.109375
YOLO,3,164,2903.109375,344.109375
YOLO,3,165,2903.109375,344.109375
YOLO,3,166,2903.125,344.125
YOLO,3,167,2903.125,344.125
YOLO,3,168,2903.125,344.125
YOLO,3,169,2903.125,344.125
YOLO,3,170,2903.125,344.125
YOLO,3,171,2903.125,344.125
YOLO,3,172,2903.125,344.125
YOLO,3,173,2903.125,344.125
YOLO,3,174,2903.125,344.125
YOLO,3,175,2903.125,344.125
YOLO,3,176,2903.125,344.125
YOLO,3,177,2903.125,344.125
YOLO,3,178,2903.125,344.125
YOLO,3,179,2903.125,344.125
YOLO,3,180,2903.125,344.125
YOLO,3,181,2903.125,344.125
YOLO,3,182,2903.125,344.125
YOLO,3,183,2903.125,344.125
YOLO,3,184,2903.125,344.125
YOLO,3,185,2903.125,344.125
YOLO,3,186,2903.125,344.125
YOLO,3,187,2903.125,344.125
YOLO,3,188,2903.125,344.125
YOLO,3,189,2903.125,344.125
YOLO,3,190,2903.125,344.125
YOLO,3,191,2903.125,344.125
YOLO,3,192,2903.125,344.125
YOLO,3,193,2903.125,344.125
YOLO,3,194,2903.125,344.125
YOLO,3,195,2903.125,344.125
YOLO,3,196,2903.125,344.125
YOLO,3,197,2903.125,344.125
YOLO,3,198,2903.125,344.125
YOLO,3,199,2903.125,344.125
YOLO,3,200,2903.125,344.125
YOLO,3,201,2903.125,344.125
YOLO,3,202,2903.125,344.125
YOLO,3,203,2903.125,344.125
YOLO,3,204,2903.125,344.125
YOLO,3,205,2903.125,344.125
YOLO,3,206,2903.125,344.125
YOLO,3,207,2903.125,344.125
YOLO,3,208,2903.125,344.125
YOLO,3,209,2903.125,344.125
YOLO,3,210,2903.125,344.125
YOLO,3,211,2903.125,344.125
YOLO,3,212,2903.125,344.125
YOLO,3,213,2903.125,344.125
YOLO,3,214,2903.125,344.125
YOLO,3,215,2903.140625,344.140625
YOLO,3,216,2903.140625,344.140625
YOLO,3,217,2903.140625,344.140625
YOLO,3,218,2903.140625,344.140625
YOLO,3,219,2903.140625,344.140625
YOLO,3,220,2903.140625,344.140625
YOLO,3,221,2903.140625,344.140625
YOLO,3,222,2903.140625,344.140625
YOLO,3,223,2903.140625,344.140625
YOLO,3,224,2903.140625,344.140625
YOLO,3,225,2903.140625,344.140625
YOLO,3,226,2903.140625,344.140625
YOLO,3,227,2903.140625,344.140625
YOLO,3,228,2903.140625,344.140625
YOLO,3,229,2903.140625,344.140625
YOLO,3,230,2903.140625,344.140625
YOLO,3,231,2903.140625,344.140625
YOLO,3,232,2903.140625,344.140625
YOLO,3,233,2903.140625,344.140625
YOLO,3,234,2903.140625,344.140625
YOLO,3,235,2873.96875,314.96875
YOLO,3,236,2848.53125,289.53125
YOLO,3,237,2825.953125,266.953125
YOLO,3,238,2788.375,229.375
YOLO,3,239,2788.375,229.375
YOLO,3,240,2746.71875,187.71875
YOLO,3,241,2737.953125,178.953125
YOLO,3,242,2737.5625,178.5625
YOLO,3,243,2727.65625,168.65625
YOLO,3,244,2727.65625,168.65625
YOLO,3,245,2727.65625,168.65625
YOLO,3,246,2727.65625,168.65625
YOLO,3,247,2727.65625,168.65625
YOLO,3,248,2727.65625,168.65625
YOLO,3,249,2717.125,158.125
YOLO,3,250,2717.125,158.125
YOLO,3,251,2673.03125,114.03125
YOLO,3,252,2598.78125,39.78125
YOLO,3,253,2598.78125,39.78125
YOLO,3,254,2598.78125,39.78125
YOLO,3,255,2598.78125,39.78125
YOLO,3,256,2598.78125,39.78125
YOLO,3,257,2598.78125,39.78125
YOLO,3,258,2598.78125,39.78125
YOLO,3,259,2598.78125,39.78125
YOLO,3,260,2598.78125,39.78125
YOLO,3,261,2598.78125,39.78125
YOLO,3,262,2598.78125,39.78125
YOLO,3,263,2598.78125,39.78125
YOLO,3,264,2598.78125,39.78125
YOLO,3,265,2598.78125,39.78125
YOLO,3,266,2598.78125,39.78125
YOLO,3,267,2342.21875,-216.78125
YOLO,3,268,2342.21875,-216.78125
YOLO,3,269,2342.21875,-216.78125
YOLO,3,270,2342.21875,-216.78125
YOLO,3,271,2342.21875,-216.78125
YOLO,3,272,2316.03125,-242.96875
YOLO,3,273,2316.03125,-242.96875
YOLO,3,274,2316.03125,-242.96875
YOLO,3,275,2316.03125,-242.96875
YOLO,3,276,2316.03125,-242.96875
YOLO,3,277,2316.03125,-242.96875
YOLO,3,278,2316.03125,-242.96875
YOLO,3,279,2316.046875,-242.953125
YOLO,3,280,2316.046875,-242.953125
YOLO,3,281,2316.046875,-242.953125
YOLO,3,282,2316.046875,-242.953125
YOLO,3,283,2316.046875,-242.953125
YOLO,3,284,2316.0625,-242.9375
YOLO,3,285,2316.0625,-242.9375
YOLO,3,286,2316.0625,-242.9375
YOLO,3,287,2316.0625,-242.9375
YOLO,3,288,2316.0625,-242.9375
YOLO,3,289,2316.0625,-242.9375
YOLO,3,290,2316.0625,-242.9375
YOLO,3,291,2316.0625,-242.9375
YOLO,3,292,2316.0625,-242.9375
YOLO,3,293,2316.078125,-242.921875
YOLO,3,294,2316.078125,-242.921875
YOLO,3,295,2316.078125,-242.921875
YOLO,3,296,2316.078125,-242.921875
YOLO,3,297,2316.078125,-242.921875
YOLO,3,298,2316.078125,-242.921875
YOLO,3,299,2316.078125,-242.921875
YOLO,4,0,2316.078125,-242.921875
YOLO,4,1,2316.078125,-242.921875
YOLO,4,2,2316.078125,-242.921875
YOLO,4,3,2316.078125,-242.921875
YOLO,4,4,2316.078125,-242.921875
YOLO,4,5,2316.078125,-242.921875
YOLO,4,6,2316.078125,-242.921875
YOLO,4,7,2316.078125,-242.921875
YOLO,4,8,2316.078125,-242.921875
YOLO,4,9,2316.078125,-242.921875
YOLO,4,10,2316.078125,-242.921875
YOLO,4,11,2316.078125,-242.921875
YOLO,4,12,2316.078125,-242.921875
YOLO,4,13,2316.078125,-242.921875
YOLO,4,14,2316.078125,-242.921875
YOLO,4,15,2316.078125,-242.921875
YOLO,4,16,2316.078125,-242.921875
YOLO,4,17,2316.078125,-242.921875
YOLO,4,18,2316.078125,-242.921875
YOLO,4,19,2316.078125,-242.921875
YOLO,4,20,2316.078125,-242.921875
YOLO,4,21,2316.078125,-242.921875
YOLO,4,22,2316.078125,-242.921875
YOLO,4,23,2316.078125,-242.921875
YOLO,4,24,2316.078125,-242.921875
YOLO,4,25,2316.078125,-242.921875
YOLO,4,26,2316.078125,-242.921875
YOLO,4,27,2316.078125,-242.921875
YOLO,4,28,2316.078125,-242.921875
YOLO,4,29,2316.078125,-242.921875
YOLO,4,30,2316.078125,-242.921875
YOLO,4,31,2316.078125,-242.921875
YOLO,4,32,2316.078125,-242.921875
YOLO,4,33,2316.078125,-242.921875
YOLO,4,34,2316.078125,-242.921875
YOLO,4,35,2316.078125,-242.921875
YOLO,4,36,2316.078125,-242.921875
YOLO,4,37,2316.078125,-242.921875
YOLO,4,38,2316.078125,-242.921875
YOLO,4,39,2316.078125,-242.921875
YOLO,4,40,2316.078125,-242.921875
YOLO,4,41,2316.078125,-242.921875
YOLO,4,42,2316.09375,-242.90625
YOLO,4,43,2316.09375,-242.90625
YOLO,4,44,2316.09375,-242.90625
YOLO,4,45,2316.125,-242.875
YOLO,4,46,2316.125,-242.875
YOLO,4,47,2316.125,-242.875
YOLO,4,48,2316.125,-242.875
YOLO,4,49,2316.125,-242.875
YOLO,4,50,2316.125,-242.875
YOLO,4,51,2316.125,-242.875
YOLO,4,52,2316.125,-242.875
YOLO,4,53,2316.125,-242.875
YOLO,4,54,2316.125,-242.875
YOLO,4,55,2316.125,-242.875
YOLO,4,56,2316.125,-242.875
YOLO,4,57,2316.125,-242.875
YOLO,4,58,2316.125,-242.875
YOLO,4,59,2316.125,-242.875
YOLO,4,60,2316.125,-242.875
YOLO,4,61,2316.125,-242.875
YOLO,4,62,2316.125,-242.875
YOLO,4,63,2316.125,-242.875
YOLO,4,64,2316.125,-242.875
YOLO,4,65,2316.125,-242.875
YOLO,4,66,2316.125,-242.875
YOLO,4,67,2316.125,-242.875
YOLO,4,68,2316.125,-242.875
YOLO,4,69,2316.125,-242.875
YOLO,4,70,2316.125,-242.875
YOLO,4,71,2316.125,-242.875
YOLO,4,72,2316.125,-242.875
YOLO,4,73,2316.125,-242.875
YOLO,4,74,2316.125,-242.875
YOLO,4,75,2316.125,-242.875
YOLO,4,76,2316.125,-242.875
YOLO,4,77,2316.125,-242.875
YOLO,4,78,2316.125,-242.875
YOLO,4,79,2316.125,-242.875
YOLO,4,80,2316.125,-242.875
YOLO,4,81,2316.125,-242.875
YOLO,4,82,2316.125,-242.875
YOLO,4,83,2316.125,-242.875
YOLO,4,84,2316.125,-242.875
YOLO,4,85,2316.125,-242.875
YOLO,4,86,2316.125,-242.875
YOLO,4,87,2316.125,-242.875
YOLO,4,88,2316.125,-242.875
YOLO,4,89,2316.125,-242.875
YOLO,4,90,2316.125,-242.875
YOLO,4,91,2316.125,-242.875
YOLO,4,92,2316.125,-242.875
YOLO,4,93,2316.125,-242.875
YOLO,4,94,2316.125,-242.875
YOLO,4,95,2316.125,-242.875
YOLO,4,96,2316.125,-242.875
YOLO,4,97,2316.125,-242.875
YOLO,4,98,2316.125,-242.875
YOLO,4,99,2316.125,-242.875
YOLO,4,100,2316.125,-242.875
YOLO,4,101,2316.125,-242.875
YOLO,4,102,2316.125,-242.875
YOLO,4,103,2316.125,-242.875
YOLO,4,104,2316.125,-242.875
YOLO,4,105,2316.125,-242.875
YOLO,4,106,2316.140625,-242.859375
YOLO,4,107,2316.140625,-242.859375
YOLO,4,108,2316.140625,-242.859375
YOLO,4,109,2316.140625,-242.859375
YOLO,4,110,2316.140625,-242.859375
YOLO,4,111,2316.140625,-242.859375
YOLO,4,112,2316.140625,-242.859375
YOLO,4,113,2316.140625,-242.859375
YOLO,4,114,2316.140625,-242.859375
YOLO,4,115,2316.140625,-242.859375
YOLO,4,116,2316.140625,-242.859375
YOLO,4,117,2316.140625,-242.859375
YOLO,4,118,2316.15625,-242.84375
YOLO,4,119,2316.15625,-242.84375
YOLO,4,120,2316.15625,-242.84375
YOLO,4,121,2316.15625,-242.84375
YOLO,4,122,2316.15625,-242.84375
YOLO,4,123,2316.15625,-242.84375
YOLO,4,124,2316.15625,-242.84375
YOLO,4,125,2316.15625,-242.84375
YOLO,4,126,2316.15625,-242.84375
YOLO,4,127,2316.15625,-242.84375
YOLO,4,128,2316.15625,-242.84375
YOLO,4,129,2316.15625,-242.84375
YOLO,4,130,2316.15625,-242.84375
YOLO,4,131,2316.15625,-242.84375
YOLO,4,132,2316.15625,-242.84375
YOLO,4,133,2316.15625,-242.84375
YOLO,4,134,2316.15625,-242.84375
YOLO,4,135,2316.15625,-242.84375
YOLO,4,136,2316.15625,-242.84375
YOLO,4,137,2316.15625,-242.84375
YOLO,4,138,2316.15625,-242.84375
YOLO,4,139,2316.15625,-242.84375
YOLO,4,140,2316.15625,-242.84375
YOLO,4,141,2316.15625,-242.84375
YOLO,4,142,2316.15625,-242.84375
YOLO,4,143,2316.15625,-242.84375
YOLO,4,144,2316.15625,-242.84375
YOLO,4,145,2316.15625,-242.84375
YOLO,4,146,2316.15625,-242.84375
YOLO,4,147,2316.15625,-242.84375
YOLO,4,148,2316.171875,-242.828125
YOLO,4,149,2316.171875,-242.828125
YOLO,4,150,2316.171875,-242.828125
YOLO,4,151,2316.171875,-242.828125
YOLO,4,152,2316.171875,-242.828125
YOLO,4,153,2316.171875,-242.828125
YOLO,4,154,2316.171875,-242.828125
YOLO,4,155,2316.171875,-242.828125
YOLO,4,156,2316.171875,-242.828125
YOLO,4,157,2316.171875,-242.828125
YOLO,4,158,2316.171875,-242.828125
YOLO,4,159,2316.171875,-242.828125
YOLO,4,160,2316.171875,-242.828125
YOLO,4,161,2316.171875,-242.828125
YOLO,4,162,2316.171875,-242.828125
YOLO,4,163,2316.171875,-242.828125
YOLO,4,164,2316.171875,-242.828125
YOLO,4,165,2316.171875,-242.828125
YOLO,4,166,2316.171875,-242.828125
YOLO,4,167,2316.171875,-242.828125
YOLO,4,168,2316.171875,-242.828125
YOLO,4,169,2316.1875,-242.8125
YOLO,4,170,2316.1875,-242.8125
YOLO,4,171,2316.1875,-242.8125
YOLO,4,172,2316.1875,-242.8125
YOLO,4,173,2316.1875,-242.8125
YOLO,4,174,2316.1875,-242.8125
YOLO,4,175,2316.1875,-242.8125
YOLO,4,176,2316.1875,-242.8125
YOLO,4,177,2316.1875,-242.8125
YOLO,4,178,2316.1875,-242.8125
YOLO,4,179,2316.1875,-242.8125
YOLO,4,180,2316.1875,-242.8125
YOLO,4,181,2316.1875,-242.8125
YOLO,4,182,2316.1875,-242.8125
YOLO,4,183,2316.1875,-242.8125
YOLO,4,184,2316.1875,-242.8125
YOLO,4,185,2316.1875,-242.8125
YOLO,4,186,2316.1875,-242.8125
YOLO,4,187,2316.1875,-242.8125
YOLO,4,188,2316.1875,-242.8125
YOLO,4,189,2316.1875,-242.8125
YOLO,4,190,2316.1875,-242.8125
YOLO,4,191,2316.1875,-242.8125
YOLO,4,192,2316.1875,-242.8125
YOLO,4,193,2316.1875,-242.8125
YOLO,4,194,2316.1875,-242.8125
YOLO,4,195,2316.1875,-242.8125
YOLO,4,196,2316.1875,-242.8125
YOLO,4,197,2316.1875,-242.8125
YOLO,4,198,2316.1875,-242.8125
YOLO,4,199,2316.1875,-242.8125
YOLO,4,200,2316.1875,-242.8125
YOLO,4,201,2316.1875,-242.8125
YOLO,4,202,2316.1875,-242.8125
YOLO,4,203,2316.1875,-242.8125
YOLO,4,204,2316.1875,-242.8125
YOLO,4,205,2316.21875,-242.78125
YOLO,4,206,2316.21875,-242.78125
YOLO,4,207,2316.21875,-242.78125
YOLO,4,208,2316.21875,-242.78125
YOLO,4,209,2316.21875,-242.78125
YOLO,4,210,2316.21875,-242.78125
YOLO,4,211,2316.21875,-242.78125
YOLO,4,212,2316.21875,-242.78125
YOLO,4,213,2316.21875,-242.78125
YOLO,4,214,2316.21875,-242.78125
YOLO,4,215,2316.21875,-242.78125
YOLO,4,216,2316.21875,-242.78125
YOLO,4,217,2316.21875,-242.78125
YOLO,4,218,2316.21875,-242.78125
YOLO,4,219,2316.21875,-242.78125
YOLO,4,220,2316.21875,-242.78125
YOLO,4,221,2316.21875,-242.78125
YOLO,4,222,2316.21875,-242.78125
YOLO,4,223,2316.21875,-242.78125
YOLO,4,224,2316.21875,-242.78125
YOLO,4,225,2316.21875,-242.78125
YOLO,4,226,2316.21875,-242.78125
YOLO,4,227,2316.21875,-242.78125
YOLO,4,228,2316.21875,-242.78125
YOLO,4,229,2316.21875,-242.78125
YOLO,4,230,2316.21875,-242.78125
YOLO,4,231,2316.21875,-242.78125
YOLO,4,232,2316.21875,-242.78125
YOLO,4,233,2316.234375,-242.765625
YOLO,4,234,2316.234375,-242.765625
YOLO,4,235,2316.234375,-242.765625
YOLO,4,236,2316.234375,-242.765625
YOLO,4,237,2316.234375,-242.765625
YOLO,4,238,2316.234375,-242.765625
YOLO,4,239,2316.234375,-242.765625
YOLO,4,240,2316.234375,-242.765625
YOLO,4,241,2316.234375,-242.765625
YOLO,4,242,2316.234375,-242.765625
YOLO,4,243,2316.234375,-242.765625
YOLO,4,244,2316.234375,-242.765625
YOLO,4,245,2316.234375,-242.765625
YOLO,4,246,2316.25,-242.75
YOLO,4,247,2316.25,-242.75
YOLO,4,248,2316.25,-242.75
YOLO,4,249,2316.25,-242.75
YOLO,4,250,2316.25,-242.75
YOLO,4,251,2316.25,-242.75
YOLO,4,252,2316.25,-242.75
YOLO,4,253,2316.25,-242.75
YOLO,4,254,2316.25,-242.75
YOLO,4,255,2316.25,-242.75
YOLO,4,256,2316.25,-242.75
YOLO,4,257,2316.25,-242.75
YOLO,4,258,2316.25,-242.75
YOLO,4,259,2316.25,-242.75
YOLO,4,260,2316.25,-242.75
YOLO,4,261,2316.25,-242.75
YOLO,4,262,2316.25,-242.75
YOLO,4,263,2316.25,-242.75
YOLO,4,264,2316.25,-242.75
YOLO,4,265,2316.25,-242.75
YOLO,4,266,2316.25,-242.75
YOLO,4,267,2316.25,-242.75
YOLO,4,268,2316.25,-242.75
YOLO,4,269,2316.25,-242.75
YOLO,4,270,2316.25,-242.75
YOLO,4,271,2316.25,-242.75
YOLO,4,272,2316.25,-242.75
YOLO,4,273,2316.25,-242.75
YOLO,4,274,2316.25,-242.75
YOLO,4,275,2316.25,-242.75
YOLO,4,276,2316.25,-242.75
YOLO,4,277,2316.25,-242.75
YOLO,4,278,2316.25,-242.75
YOLO,4,279,2316.25,-242.75
YOLO,4,280,2316.25,-242.75
YOLO,4,281,2316.25,-242.75
YOLO,4,282,2316.25,-242.75
YOLO,4,283,2316.25,-242.75
YOLO,4,284,2316.25,-242.75
YOLO,4,285,2316.25,-242.75
YOLO,4,286,2316.25,-242.75
YOLO,4,287,2316.25,-242.75
YOLO,4,288,2316.25,-242.75
YOLO,4,289,2316.25,-242.75
YOLO,4,290,2316.25,-242.75
YOLO,4,291,2316.25,-242.75
YOLO,4,292,2316.25,-242.75
YOLO,4,293,2316.25,-242.75
YOLO,4,294,2316.25,-242.75
YOLO,4,295,2316.25,-242.75
YOLO,4,296,2316.265625,-242.734375
YOLO,4,297,2316.265625,-242.734375
YOLO,4,298,2316.265625,-242.734375
YOLO,4,299,2316.265625,-242.734375
